label,conductor,delta,rank,a_invariants_raw
11.a1,11,11,0,"[0, -1, 1, -7820, -263580]"
11.a2,11,161051,0,"[0, -1, 1, -10, -20]"
11.a3,11,11,0,"[0, -1, 1, 0, 0]"
14.a1,14,25088,0,"[1, 0, 1, -2731, -55146]"
14.a2,14,1835008,0,"[1, 0, 1, -171, -874]"
14.a3,14,941192,0,"[1, 0, 1, -36, -70]"
14.a4,14,98,0,"[1, 0, 1, -11, 12]"
14.a5,14,28,0,"[1, 0, 1, -1, 0]"
14.a6,14,21952,0,"[1, 0, 1, 4, -6]"
15.a1,15,405,0,"[1, 1, 1, -2160, -39540]"
15.a2,15,164025,0,"[1, 1, 1, -135, -660]"
15.a3,15,215233605,0,"[1, 1, 1, -110, -880]"
15.a4,15,15,0,"[1, 1, 1, -80, 242]"
15.a5,15,50625,0,"[1, 1, 1, -10, -10]"
15.a6,15,225,0,"[1, 1, 1, -5, 2]"
15.a7,15,15,0,"[1, 1, 1, 0, 0]"
15.a8,15,3515625,0,"[1, 1, 1, 35, -28]"
17.a1,17,17,0,"[1, -1, 1, -91, -310]"
17.a2,17,289,0,"[1, -1, 1, -6, -4]"
17.a3,17,83521,0,"[1, -1, 1, -1, -14]"
17.a4,17,17,0,"[1, -1, 1, -1, 0]"
19.a1,19,19,0,"[0, 1, 1, -769, -8470]"
19.a2,19,6859,0,"[0, 1, 1, -9, -15]"
19.a3,19,19,0,"[0, 1, 1, 1, 0]"
20.a1,20,2000,0,"[0, 1, 0, -41, -116]"
20.a2,20,4000000,0,"[0, 1, 0, -36, -140]"
20.a3,20,80,0,"[0, 1, 0, -1, 0]"
20.a4,20,6400,0,"[0, 1, 0, 4, 4]"
21.a1,21,147,0,"[1, 0, 0, -784, -8515]"
21.a2,21,21609,0,"[1, 0, 0, -49, -136]"
21.a3,21,45927,0,"[1, 0, 0, -39, 90]"
21.a4,21,17294403,0,"[1, 0, 0, -34, -217]"
21.a5,21,3969,0,"[1, 0, 0, -4, -1]"
21.a6,21,63,0,"[1, 0, 0, 1, 0]"
24.a1,24,18432,0,"[0, -1, 0, -384, -2772]"
24.a2,24,3072,0,"[0, -1, 0, -64, 220]"
24.a3,24,82944,0,"[0, -1, 0, -24, -36]"
24.a4,24,2304,0,"[0, -1, 0, -4, 4]"
24.a5,24,48,0,"[0, -1, 0, 1, 0]"
24.a6,24,13436928,0,"[0, -1, 0, 16, -180]"
26.a1,26,6656,0,"[1, 0, 1, -460, -3830]"
26.a2,26,17576,0,"[1, 0, 1, -5, -8]"
26.a3,26,26,0,"[1, 0, 1, 0, 0]"
26.b1,26,125497034,0,"[1, -1, 1, -213, -1257]"
26.b2,26,1664,0,"[1, -1, 1, -3, 3]"
27.a1,27,177147,0,"[0, 0, 1, -270, -1708]"
27.a2,27,243,0,"[0, 0, 1, -30, 63]"
27.a3,27,19683,0,"[0, 0, 1, 0, -7]"
27.a4,27,27,0,"[0, 0, 1, 0, 0]"
30.a1,30,81000,0,"[1, 0, 1, -5334, -150368]"
30.a2,30,5859375000,0,"[1, 0, 1, -454, -544]"
30.a3,30,9000000,0,"[1, 0, 1, -334, -2368]"
30.a4,30,33750,0,"[1, 0, 1, -289, 1862]"
30.a5,30,5314410,0,"[1, 0, 1, -69, -194]"
30.a6,30,72900,0,"[1, 0, 1, -19, 26]"
30.a7,30,1536000,0,"[1, 0, 1, -14, -64]"
30.a8,30,2160,0,"[1, 0, 1, 1, 2]"
32.a1,32,512,0,"[0, 0, 0, -11, -14]"
32.a2,32,512,0,"[0, 0, 0, -11, 14]"
32.a3,32,64,0,"[0, 0, 0, -1, 0]"
32.a4,32,4096,0,"[0, 0, 0, 4, 0]"
33.a1,33,395307,0,"[1, 1, 0, -146, 621]"
33.a2,33,88209,0,"[1, 1, 0, -11, 0]"
33.a3,33,297,0,"[1, 1, 0, -6, -9]"
33.a4,33,5845851,0,"[1, 1, 0, 44, 55]"
34.a1,34,48275138,0,"[1, 0, 0, -113, -329]"
34.a2,34,19652,0,"[1, 0, 0, -103, -411]"
34.a3,34,2312,0,"[1, 0, 0, -43, 105]"
34.a4,34,1088,0,"[1, 0, 0, -3, 1]"
35.a1,35,13671875,0,"[0, 1, 1, -131, -650]"
35.a2,35,35,0,"[0, 1, 1, -1, 0]"
35.a3,35,42875,0,"[0, 1, 1, 9, 1]"
36.a1,36,5038848,0,"[0, 0, 0, -135, -594]"
36.a2,36,6912,0,"[0, 0, 0, -15, 22]"
36.a3,36,314928,0,"[0, 0, 0, 0, -27]"
36.a4,36,432,0,"[0, 0, 0, 0, 1]"
37.a1,37,37,1,"[0, 0, 1, -1, 0]"
37.b1,37,37,0,"[0, 1, 1, -1873, -31833]"
37.b2,37,50653,0,"[0, 1, 1, -23, -50]"
37.b3,37,37,0,"[0, 1, 1, -3, 1]"
38.a1,38,2550136832,0,"[1, 0, 1, -86, -2456]"
38.a2,38,152,0,"[1, 0, 1, -16, 22]"
38.a3,38,3511808,0,"[1, 0, 1, 9, 90]"
38.b1,38,4952198,0,"[1, 1, 1, -70, -279]"
38.b2,38,608,0,"[1, 1, 1, 0, 1]"
39.a1,39,1053,0,"[1, 1, 0, -69, -252]"
39.a2,39,85683,0,"[1, 1, 0, -19, 22]"
39.a3,39,1521,0,"[1, 1, 0, -4, -5]"
39.a4,39,39,0,"[1, 1, 0, 1, 0]"
40.a1,40,5120,0,"[0, 0, 0, -107, -426]"
40.a2,40,6400,0,"[0, 0, 0, -7, -6]"
40.a3,40,80,0,"[0, 0, 0, -2, 1]"
40.a4,40,640000,0,"[0, 0, 0, 13, -34]"
42.a1,42,252,0,"[1, 1, 1, -1344, 18405]"
42.a2,42,933897762,0,"[1, 1, 1, -914, -10915]"
42.a3,42,63011844,0,"[1, 1, 1, -104, 101]"
42.a4,42,63504,0,"[1, 1, 1, -84, 261]"
42.a5,42,16128,0,"[1, 1, 1, -4, 5]"
42.a6,42,4218578658,0,"[1, 1, 1, 386, 1277]"
43.a1,43,43,1,"[0, 1, 1, 0, 0]"
44.a1,44,340736,0,"[0, 1, 0, -77, -289]"
44.a2,44,2816,0,"[0, 1, 0, 3, -1]"
45.a1,45,295245,0,"[1, -1, 0, -19440, 1048135]"
45.a2,45,119574225,0,"[1, -1, 0, -1215, 16600]"
45.a3,45,1.56905E+11,0,"[1, -1, 0, -990, 22765]"
45.a4,45,10935,0,"[1, -1, 0, -720, -7259]"
45.a5,45,36905625,0,"[1, -1, 0, -90, 175]"
45.a6,45,164025,0,"[1, -1, 0, -45, -104]"
45.a7,45,10935,0,"[1, -1, 0, 0, -5]"
45.a8,45,2562890625,0,"[1, -1, 0, 315, 1066]"
46.a1,46,16928,0,"[1, -1, 0, -170, -812]"
46.a2,46,23552,0,"[1, -1, 0, -10, -12]"
48.a1,48,18432,0,"[0, 1, 0, -384, 2772]"
48.a2,48,3072,0,"[0, 1, 0, -64, -220]"
48.a3,48,82944,0,"[0, 1, 0, -24, 36]"
48.a4,48,2304,0,"[0, 1, 0, -4, -4]"
48.a5,48,48,0,"[0, 1, 0, 1, 0]"
48.a6,48,13436928,0,"[0, 1, 0, 16, 180]"
49.a1,49,40353607,0,"[1, -1, 0, -1822, 30393]"
49.a2,49,40353607,0,"[1, -1, 0, -107, 552]"
49.a3,49,343,0,"[1, -1, 0, -37, -78]"
49.a4,49,343,0,"[1, -1, 0, -2, -1]"
50.a1,50,5000,0,"[1, 0, 1, -126, -552]"
50.a2,50,12500000,0,"[1, 0, 1, -76, 298]"
50.a3,50,1250,0,"[1, 0, 1, -1, -2]"
50.a4,50,12800000000,0,"[1, 0, 1, 549, -2202]"
50.b1,50,78125000,0,"[1, 1, 1, -3138, -68969]"
50.b2,50,19531250,0,"[1, 1, 1, -13, -219]"
50.b3,50,800,0,"[1, 1, 1, -3, 1]"
50.b4,50,819200,0,"[1, 1, 1, 22, -9]"
51.a1,51,14739,0,"[0, 1, 1, -59, -196]"
51.a2,51,459,0,"[0, 1, 1, 1, -1]"
52.a1,52,208,0,"[0, 0, 0, -4, -3]"
52.a2,52,43264,0,"[0, 0, 0, 1, -10]"
53.a1,53,53,1,"[1, -1, 1, 0, 0]"
54.a1,54,90699264,0,"[1, -1, 0, -123, -667]"
54.a2,54,54,0,"[1, -1, 0, -3, 3]"
54.a3,54,157464,0,"[1, -1, 0, 12, 8]"
54.b1,54,39366,0,"[1, -1, 1, -29, -53]"
54.b2,54,124416,0,"[1, -1, 1, -14, 29]"
54.b3,54,216,0,"[1, -1, 1, 1, -1]"
55.a1,55,6875,0,"[1, -1, 0, -59, 190]"
55.a2,55,73205,0,"[1, -1, 0, -29, -52]"
55.a3,55,3025,0,"[1, -1, 0, -4, 3]"
55.a4,55,55,0,"[1, -1, 0, 1, 0]"
56.a1,56,14336,0,"[0, 0, 0, -299, 1990]"
56.a2,56,4917248,0,"[0, 0, 0, -59, -138]"
56.a3,56,50176,0,"[0, 0, 0, -19, 30]"
56.a4,56,1792,0,"[0, 0, 0, 1, 2]"
56.b1,56,100352,0,"[0, -1, 0, -40, -84]"
56.b2,56,7168,0,"[0, -1, 0, 0, -4]"
57.a1,57,171,1,"[0, -1, 1, -2, 2]"
57.b1,57,22284891,0,"[0, 1, 1, -4390, -113432]"
57.b2,57,1121931,0,"[0, 1, 1, 20, -32]"
57.c1,57,1539,0,"[1, 0, 1, -102, 385]"
57.c2,57,3249,0,"[1, 0, 1, -7, 5]"
57.c3,57,57,0,"[1, 0, 1, -2, -1]"
57.c4,57,390963,0,"[1, 0, 1, 8, 29]"
58.a1,58,116,1,"[1, -1, 0, -1, 1]"
58.b1,58,82044596,0,"[1, 1, 1, -455, -3951]"
58.b2,58,29696,0,"[1, 1, 1, 5, 9]"
61.a1,61,61,1,"[1, 0, 0, -2, 1]"
62.a1,62,62,0,"[1, -1, 1, -331, 2397]"
62.a2,62,1847042,0,"[1, -1, 1, -31, 5]"
62.a3,62,3844,0,"[1, -1, 1, -21, 41]"
62.a4,62,496,0,"[1, -1, 1, -1, 1]"
63.a1,63,107163,0,"[1, -1, 0, -7056, 229905]"
63.a2,63,15752961,0,"[1, -1, 0, -441, 3672]"
63.a3,63,33480783,0,"[1, -1, 0, -351, -2430]"
63.a4,63,12607619787,0,"[1, -1, 0, -306, 5859]"
63.a5,63,2893401,0,"[1, -1, 0, -36, 27]"
63.a6,63,45927,0,"[1, -1, 0, 9, 0]"
64.a1,64,32768,0,"[0, 0, 0, -44, -112]"
64.a2,64,32768,0,"[0, 0, 0, -44, 112]"
64.a3,64,4096,0,"[0, 0, 0, -4, 0]"
64.a4,64,64,0,"[0, 0, 0, 1, 0]"
65.a1,65,65,1,"[1, 0, 0, -1, 0]"
65.a2,65,4225,1,"[1, 0, 0, 4, 1]"
66.a1,66,255552,0,"[1, 0, 1, -81, -284]"
66.a2,66,127552392,0,"[1, 0, 1, -41, -556]"
66.a3,66,1188,0,"[1, 0, 1, -6, 4]"
66.a4,66,176418,0,"[1, 0, 1, 4, 20]"
66.b1,66,66,0,"[1, 1, 1, -352, -2689]"
66.b2,66,4356,0,"[1, 1, 1, -22, -49]"
66.b3,66,2371842,0,"[1, 1, 1, -12, -81]"
66.b4,66,528,0,"[1, 1, 1, -2, -1]"
66.c1,66,1932612,0,"[1, 0, 0, -10065, -389499]"
66.c2,66,4.66874E+11,0,"[1, 0, 0, -10055, -390309]"
66.c3,66,2737152,0,"[1, 0, 0, -45, 81]"
66.c4,66,228637728,0,"[1, 0, 0, 115, 561]"
67.a1,67,67,0,"[0, 1, 1, -12, -21]"
69.a1,69,1587,0,"[1, 0, 1, -16, -25]"
69.a2,69,207,0,"[1, 0, 1, -1, -1]"
70.a1,70,120050,0,"[1, -1, 1, -268, -1619]"
70.a2,70,5468750,0,"[1, -1, 1, -88, 317]"
70.a3,70,122500,0,"[1, -1, 1, -18, -19]"
70.a4,70,2800,0,"[1, -1, 1, 2, -3]"
72.a1,72,13436928,0,"[0, 0, 0, -3459, 78302]"
72.a2,72,2239488,0,"[0, 0, 0, -579, -5362]"
72.a3,72,60466176,0,"[0, 0, 0, -219, 1190]"
72.a4,72,1679616,0,"[0, 0, 0, -39, -70]"
72.a5,72,34992,0,"[0, 0, 0, 6, -7]"
72.a6,72,9795520512,0,"[0, 0, 0, 141, 4718]"
73.a1,73,73,0,"[1, -1, 0, -1, 0]"
73.a2,73,5329,0,"[1, -1, 0, 4, -3]"
75.a1,75,29296875,0,"[0, 1, 1, -208, -1256]"
75.a2,75,6075,0,"[0, 1, 1, 2, 4]"
75.b1,75,6328125,0,"[1, 0, 1, -54001, -4834477]"
75.b2,75,2562890625,0,"[1, 0, 1, -3376, -75727]"
75.b3,75,3.36303E+12,0,"[1, 0, 1, -2751, -104477]"
75.b4,75,234375,0,"[1, 0, 1, -2001, 34273]"
75.b5,75,791015625,0,"[1, 0, 1, -251, -727]"
75.b6,75,3515625,0,"[1, 0, 1, -126, 523]"
75.b7,75,234375,0,"[1, 0, 1, -1, 23]"
75.b8,75,54931640625,0,"[1, 0, 1, 874, -5227]"
75.c1,75,1875,0,"[0, -1, 1, -8, -7]"
75.c2,75,94921875,0,"[0, -1, 1, 42, 443]"
76.a1,76,4864,0,"[0, -1, 0, -21, -31]"
77.a1,77,539,1,"[0, 0, 1, 2, 0]"
77.b1,77,539,0,"[0, 1, 1, -89, 295]"
77.b2,77,156590819,0,"[0, 1, 1, -49, 600]"
77.b3,77,1.15539E+11,0,"[0, 1, 1, 441, -15815]"
77.c1,77,1294139,0,"[1, 1, 0, -51, 110]"
77.c2,77,41503,0,"[1, 1, 0, 4, 11]"
78.a1,78,111045168,0,"[1, 1, 0, -20739, 1140957]"
78.a2,78,7.25251E+11,0,"[1, 1, 0, -2339, -15747]"
78.a3,78,2554695936,0,"[1, 1, 0, -1299, 17325]"
78.a4,78,207028224,0,"[1, 1, 0, -19, 685]"
79.a1,79,79,1,"[1, 1, 1, -2, 0]"
80.a1,80,5120,0,"[0, 0, 0, -107, 426]"
80.a2,80,6400,0,"[0, 0, 0, -7, 6]"
80.a3,80,80,0,"[0, 0, 0, -2, -1]"
80.a4,80,640000,0,"[0, 0, 0, 13, 34]"
80.b1,80,2000,0,"[0, -1, 0, -41, 116]"
80.b2,80,4000000,0,"[0, -1, 0, -36, 140]"
80.b3,80,80,0,"[0, -1, 0, -1, 0]"
80.b4,80,6400,0,"[0, -1, 0, 4, -4]"
82.a1,82,3362,1,"[1, 0, 1, -12, -16]"
82.a2,82,164,1,"[1, 0, 1, -2, 0]"
83.a1,83,83,1,"[1, 1, 1, 1, 0]"
84.a1,84,16128,0,"[0, -1, 0, -36, -72]"
84.a2,84,2352,0,"[0, -1, 0, -1, -2]"
84.b1,84,790272,0,"[0, 1, 0, -1828, -30700]"
84.b2,84,5647152,0,"[0, 1, 0, -113, -516]"
84.b3,84,1306368,0,"[0, 1, 0, -28, -28]"
84.b4,84,21168,0,"[0, 1, 0, 7, 0]"
85.a1,85,425,0,"[1, 1, 0, -8, -13]"
85.a2,85,180625,0,"[1, 1, 0, -3, -22]"
88.a1,88,2816,1,"[0, 0, 0, -4, 4]"
89.a1,89,89,1,"[1, 1, 1, -1, 0]"
89.b1,89,89,0,"[1, 1, 0, -1, 0]"
89.b2,89,7921,0,"[1, 1, 0, 4, 5]"
90.a1,90,3936600,0,"[1, -1, 0, -1149, -14707]"
90.a2,90,6298560,0,"[1, -1, 0, -69, -235]"
90.a3,90,843750,0,"[1, -1, 0, -24, 18]"
90.a4,90,13500,0,"[1, -1, 0, 6, 0]"
90.b1,90,615093750,0,"[1, -1, 1, -218, -269]"
90.b2,90,5400,0,"[1, -1, 1, -128, 587]"
90.b3,90,8640,0,"[1, -1, 1, -8, 11]"
90.b4,90,9841500,0,"[1, -1, 1, 52, -53]"
90.c1,90,59049000,0,"[1, -1, 1, -48002, 4059929]"
90.c2,90,4.27148E+12,0,"[1, -1, 1, -4082, 14681]"
90.c3,90,6561000000,0,"[1, -1, 1, -3002, 63929]"
90.c4,90,24603750,0,"[1, -1, 1, -2597, -50281]"
90.c5,90,3874204890,0,"[1, -1, 1, -617, 5231]"
90.c6,90,53144100,0,"[1, -1, 1, -167, -709]"
90.c7,90,1119744000,0,"[1, -1, 1, -122, 1721]"
90.c8,90,1574640,0,"[1, -1, 1, 13, -61]"
91.a1,91,91,1,"[0, 0, 1, 1, 0]"
91.b1,91,524596891,1,"[0, 1, 1, -117, -1245]"
91.b2,91,91,1,"[0, 1, 1, -7, 5]"
91.b3,91,753571,1,"[0, 1, 1, 13, 42]"
92.a1,92,368,1,"[0, 0, 0, -1, 1]"
92.b1,92,194672,0,"[0, 1, 0, -18, -43]"
92.b2,92,368,0,"[0, 1, 0, 2, 1]"
94.a1,94,4418,0,"[1, -1, 1, -10, -9]"
94.a2,94,188,0,"[1, -1, 1, 0, -1]"
96.a1,96,1536,0,"[0, -1, 0, -32, -60]"
96.a2,96,12288,0,"[0, -1, 0, -17, 33]"
96.a3,96,576,0,"[0, -1, 0, -2, 0]"
96.a4,96,41472,0,"[0, -1, 0, 8, -8]"
96.b1,96,1536,0,"[0, 1, 0, -32, 60]"
96.b2,96,12288,0,"[0, 1, 0, -17, -33]"
96.b3,96,576,0,"[0, 1, 0, -2, 0]"
96.b4,96,41472,0,"[0, 1, 0, 8, 8]"
98.a1,98,2951578112,0,"[1, 1, 0, -133795, 18781197]"
98.a2,98,2.15887E+11,0,"[1, 1, 0, -8355, 291341]"
98.a3,98,1.1073E+11,0,"[1, 1, 0, -1740, 22184]"
98.a4,98,11529602,0,"[1, 1, 0, -515, -4717]"
98.a5,98,3294172,0,"[1, 1, 0, -25, -111]"
98.a6,98,2582630848,0,"[1, 1, 0, 220, 2192]"
99.a1,99,3267,1,"[1, -1, 1, -17, 30]"
99.a2,99,297,1,"[1, -1, 1, -2, 0]"
99.b1,99,288178803,0,"[1, -1, 1, -1319, -18084]"
99.b2,99,64304361,0,"[1, -1, 1, -104, -102]"
99.b3,99,216513,0,"[1, -1, 1, -59, 186]"
99.b4,99,4261625379,0,"[1, -1, 1, 391, -1092]"
99.c1,99,2381643,0,"[1, -1, 0, -150, -667]"
99.c2,99,216513,0,"[1, -1, 0, -15, 8]"
99.d1,99,8019,0,"[0, 0, 1, -70383, 7187035]"
99.d2,99,117406179,0,"[0, 0, 1, -93, 625]"
99.d3,99,8019,0,"[0, 0, 1, -3, -5]"
100.a1,100,31250000,0,"[0, -1, 0, -1033, -12438]"
100.a2,100,62500000000,0,"[0, -1, 0, -908, -15688]"
100.a3,100,1250000,0,"[0, -1, 0, -33, 62]"
100.a4,100,100000000,0,"[0, -1, 0, 92, 312]"
101.a1,101,101,1,"[0, 1, 1, -1, -1]"
102.a1,102,612,1,"[1, 1, 0, -2, 0]"
102.a2,102,46818,1,"[1, 1, 0, 8, 10]"
102.b1,102,11591221248,0,"[1, 0, 1, -751, -6046]"
102.b2,102,793152,0,"[1, 0, 1, -256, 1550]"
102.b3,102,1228691592,0,"[1, 0, 1, -216, 2062]"
102.b4,102,1.00103E+12,0,"[1, 0, 1, 1809, -37790]"
102.c1,102,5202,0,"[1, 0, 0, -27744, -1781010]"
102.c2,102,27060804,0,"[1, 0, 0, -1734, -27936]"
102.c3,102,1.25564E+11,0,"[1, 0, 0, -1644, -30942]"
102.c4,102,30338064,0,"[1, 0, 0, -114, -396]"
102.c5,102,352512,0,"[1, 0, 0, -34, 68]"
102.c6,102,2927177028,0,"[1, 0, 0, 226, -2232]"
104.a1,104,26624,0,"[0, 1, 0, -16, -32]"
105.a1,105,13125,0,"[1, 0, 1, -113, -469]"
105.a2,105,11025,0,"[1, 0, 1, -8, -7]"
105.a3,105,105,0,"[1, 0, 1, -3, 1]"
105.a4,105,972405,0,"[1, 0, 1, 17, -37]"
106.a1,106,848,1,"[1, 1, 0, -7, 5]"
106.b1,106,1696,0,"[1, 1, 0, -27, -67]"
106.c1,106,297754,0,"[1, 0, 0, -9, -29]"
106.c2,106,424,0,"[1, 0, 0, 1, 1]"
106.d1,106,38112512,0,"[1, 0, 0, -24603, -1487407]"
106.d2,106,889192448,0,"[1, 0, 0, -283, -2351]"
108.a1,108,5038848,0,"[0, 0, 0, 0, -108]"
108.a2,108,6912,0,"[0, 0, 0, 0, 4]"
109.a1,109,109,0,"[1, -1, 0, -8, -7]"
110.a1,110,851840,0,"[1, 0, 1, -89, 316]"
110.a2,110,2883584000,0,"[1, 0, 1, 296, 1702]"
110.b1,110,1610510,0,"[1, 1, 1, -5940, -178685]"
110.b2,110,1100000,0,"[1, 1, 1, 10, -45]"
110.c1,110,440,0,"[1, 0, 0, -1, 1]"
110.c2,110,332750,0,"[1, 0, 0, 9, -25]"
112.a1,112,100352,1,"[0, 1, 0, -40, 84]"
112.a2,112,7168,1,"[0, 1, 0, 0, 4]"
112.b1,112,14336,0,"[0, 0, 0, -299, -1990]"
112.b2,112,4917248,0,"[0, 0, 0, -59, 138]"
112.b3,112,50176,0,"[0, 0, 0, -19, -30]"
112.b4,112,1792,0,"[0, 0, 0, 1, -2]"
112.c1,112,102760448,0,"[0, -1, 0, -43688, 3529328]"
112.c2,112,7516192768,0,"[0, -1, 0, -2728, 55920]"
112.c3,112,3855122432,0,"[0, -1, 0, -568, 4464]"
112.c4,112,401408,0,"[0, -1, 0, -168, -784]"
112.c5,112,114688,0,"[0, -1, 0, -8, -16]"
112.c6,112,89915392,0,"[0, -1, 0, 72, 368]"
113.a1,113,113,0,"[1, 1, 1, -2, -2]"
113.a2,113,12769,0,"[1, 1, 1, 3, -4]"
114.a1,114,18468,0,"[1, 1, 0, -95, -399]"
114.a2,114,42633378,0,"[1, 1, 0, -85, -473]"
114.b1,114,16416,0,"[1, 1, 1, -87552, -10007679]"
114.b2,114,269485056,0,"[1, 1, 1, -5472, -158079]"
114.b3,114,2.21625E+12,0,"[1, 1, 1, -5312, -167551]"
114.b4,114,537919488,0,"[1, 1, 1, -352, -2431]"
114.c1,114,82308,0,"[1, 0, 0, -428, -3444]"
114.c2,114,846825858,0,"[1, 0, 0, -418, -3610]"
114.c3,114,32832,0,"[1, 0, 0, -8, 0]"
114.c4,114,2105352,0,"[1, 0, 0, 32, 8]"
115.a1,115,71875,0,"[0, 0, 1, 7, -11]"
116.a1,116,7424,0,"[0, 0, 0, -4831, -129242]"
116.b1,116,7424,0,"[0, 1, 0, -4, 4]"
116.b2,116,6243584,0,"[0, 1, 0, 36, -76]"
116.c1,116,464,0,"[0, -1, 0, -9, 14]"
116.c2,116,215296,0,"[0, -1, 0, -4, 24]"
117.a1,117,767637,1,"[1, -1, 1, -626, 6180]"
117.a2,117,62462907,1,"[1, -1, 1, -176, -768]"
117.a3,117,1108809,1,"[1, -1, 1, -41, 96]"
117.a4,117,28431,1,"[1, -1, 1, 4, 6]"
118.a1,118,236,1,"[1, 1, 0, 1, 1]"
118.b1,118,30932992,0,"[1, 1, 0, 56, -192]"
118.c1,118,60416,0,"[1, 1, 1, -25, 39]"
118.c2,118,2859697196,0,"[1, 1, 1, 115, -2481]"
118.d1,118,118,0,"[1, 1, 1, -4, -5]"
120.a1,120,829440,0,"[0, 1, 0, -216, -1296]"
120.a2,120,3840000,0,"[0, 1, 0, -136, 560]"
120.a3,120,230400,0,"[0, 1, 0, -16, -16]"
120.a4,120,3840,0,"[0, 1, 0, 4, 0]"
120.b1,120,153600,0,"[0, 1, 0, -3200, -70752]"
120.b2,120,5760000,0,"[0, 1, 0, -200, -1152]"
120.b3,120,2400000000,0,"[0, 1, 0, -80, -2400]"
120.b4,120,518400,0,"[0, 1, 0, -20, 0]"
120.b5,120,720,0,"[0, 1, 0, -15, 18]"
120.b6,120,33592320,0,"[0, 1, 0, 80, 80]"
121.a1,121,25937424601,0,"[1, 1, 1, -305, 7888]"
121.a2,121,121,0,"[1, 1, 1, -30, -76]"
121.b1,121,2357947691,1,"[0, -1, 1, -887, -10143]"
121.b2,121,1331,1,"[0, -1, 1, -7, 10]"
121.c1,121,214358881,0,"[1, 1, 0, -3632, 82757]"
121.c2,121,14641,0,"[1, 1, 0, -2, -7]"
121.d1,121,19487171,0,"[0, -1, 1, -946260, 354609639]"
121.d2,121,2.85312E+11,0,"[0, -1, 1, -1250, 31239]"
121.d3,121,19487171,0,"[0, -1, 1, -40, -221]"
122.a1,122,976,1,"[1, 0, 1, 2, 0]"
123.a1,123,9963,1,"[0, 1, 1, -10, 10]"
123.a2,123,347568603,1,"[0, 1, 1, 20, -890]"
123.b1,123,123,1,"[0, -1, 1, 1, -1]"
124.a1,124,496,1,"[0, 1, 0, -2, 1]"
124.a2,124,476656,1,"[0, 1, 0, 18, -11]"
124.b1,124,496,0,"[0, 0, 0, -17, -27]"
126.a1,126,183708,0,"[1, -1, 0, -12096, -509036]"
126.a2,126,6.80811E+11,0,"[1, -1, 0, -8226, 286474]"
126.a3,126,45935634276,0,"[1, -1, 0, -936, -3668]"
126.a4,126,46294416,0,"[1, -1, 0, -756, -7808]"
126.a5,126,11757312,0,"[1, -1, 0, -36, -176]"
126.a6,126,3.07534E+12,0,"[1, -1, 0, 3474, -31010]"
126.b1,126,18289152,0,"[1, -1, 1, -24575, 1488935]"
126.b2,126,1337720832,0,"[1, -1, 1, -1535, 23591]"
126.b3,126,686128968,0,"[1, -1, 1, -320, 1883]"
126.b4,126,71442,0,"[1, -1, 1, -95, -331]"
126.b5,126,20412,0,"[1, -1, 1, -5, -7]"
126.b6,126,16003008,0,"[1, -1, 1, 40, 155]"
128.a1,128,8192,1,"[0, 1, 0, -9, 7]"
128.a2,128,256,1,"[0, 1, 0, 1, 1]"
128.b1,128,128,0,"[0, 1, 0, -2, -2]"
128.b2,128,16384,0,"[0, 1, 0, 3, -5]"
128.c1,128,8192,0,"[0, -1, 0, -9, -7]"
128.c2,128,256,0,"[0, -1, 0, 1, -1]"
128.d1,128,128,0,"[0, -1, 0, -2, 2]"
128.d2,128,16384,0,"[0, -1, 0, 3, 5]"
129.a1,129,3483,1,"[0, -1, 1, -19, 39]"
129.b1,129,22851963,0,"[1, 0, 1, -245, 1433]"
129.b2,129,1347921,0,"[1, 0, 1, -30, -29]"
129.b3,129,1161,0,"[1, 0, 1, -25, -49]"
129.b4,129,92307627,0,"[1, 0, 1, 105, -191]"
130.a1,130,44994560,1,"[1, 0, 1, -208, -1122]"
130.a2,130,26000,1,"[1, 0, 1, -33, 68]"
130.a3,130,10562500,1,"[1, 0, 1, -13, 156]"
130.a4,130,7722894400,1,"[1, 0, 1, 112, -4194]"
130.b1,130,260,0,"[1, -1, 1, -1387, -19529]"
130.b2,130,67600,0,"[1, -1, 1, -87, -289]"
130.b3,130,71402500,0,"[1, -1, 1, -67, -441]"
130.b4,130,16640,0,"[1, -1, 1, -7, -1]"
130.c1,130,10400000,0,"[1, 1, 1, -841, -9737]"
130.c2,130,26406250000,0,"[1, 1, 1, -761, -11561]"
131.a1,131,131,1,"[0, -1, 1, 1, 0]"
132.a1,132,7527168,0,"[0, -1, 0, -1292, 18312]"
132.a2,132,10392624,0,"[0, -1, 0, -77, 330]"
132.b1,132,92928,0,"[0, 1, 0, -12, -12]"
132.b2,132,1584,0,"[0, 1, 0, 3, 0]"
135.a1,135,6075,1,"[0, 0, 1, -3, 4]"
135.b1,135,4428675,0,"[0, 0, 1, -27, -115]"
136.a1,136,4352,1,"[0, 1, 0, -4, 0]"
136.a2,136,295936,1,"[0, 1, 0, 16, 16]"
136.b1,136,591872,0,"[0, -1, 0, -48, 140]"
136.b2,136,17408,0,"[0, -1, 0, -8, -4]"
138.a1,138,3174,1,"[1, 1, 0, -31, 55]"
138.a2,138,828,1,"[1, 1, 0, -1, 1]"
138.b1,138,28422890688,0,"[1, 0, 1, -771, 1342]"
138.b2,138,57132,0,"[1, 0, 1, -576, 5266]"
138.b3,138,268272,0,"[1, 0, 1, -36, 82]"
138.b4,138,448524288,0,"[1, 0, 1, 189, 190]"
138.c1,138,301806,0,"[1, 1, 1, -247, 1391]"
138.c2,138,5037138,0,"[1, 1, 1, -107, -457]"
138.c3,138,171396,0,"[1, 1, 1, -17, 11]"
138.c4,138,3312,0,"[1, 1, 1, 3, 3]"
139.a1,139,139,0,"[1, 1, 0, -3, -4]"
140.a1,140,439040,0,"[0, 1, 0, -805, -9065]"
140.a2,140,224000,0,"[0, 1, 0, -5, -25]"
140.b1,140,21512960,0,"[0, 0, 0, 32, 212]"
141.a1,141,102789,1,"[0, 1, 1, -12, 2]"
141.b1,141,59643,0,"[1, 1, 1, -143, -718]"
141.b2,141,34263,0,"[1, 1, 1, -8, -16]"
141.c1,141,141,0,"[1, 0, 0, -752, 7875]"
141.c2,141,14639043,0,"[1, 0, 0, -62, 33]"
141.c3,141,19881,0,"[1, 0, 0, -47, 120]"
141.c4,141,3807,0,"[1, 0, 0, -2, 3]"
141.d1,141,141,1,"[0, -1, 1, -1, 0]"
1410,141,141,0,"[0, 1, 1, -26, -61]"
142.a1,142,142,1,"[1, 1, 0, -1, -1]"
142.b1,142,40328,0,"[1, -1, 0, -41, -91]"
142.b2,142,4544,0,"[1, -1, 0, -1, -3]"
142.c1,142,9529458688,0,"[1, -1, 0, -2626, 52244]"
142.d1,142,36352,1,"[1, -1, 1, -12, 15]"
1420,142,715822,0,"[1, 0, 0, -58, -170]"
14200,142,568,0,"[1, 0, 0, -8, 8]"
143.a1,143,1859,1,"[0, -1, 1, -1, -2]"
144.a1,144,5038848,0,"[0, 0, 0, -135, 594]"
144.a2,144,6912,0,"[0, 0, 0, -15, -22]"
144.a3,144,432,0,"[0, 0, 0, 0, -1]"
144.a4,144,314928,0,"[0, 0, 0, 0, 27]"
144.b1,144,13436928,0,"[0, 0, 0, -3459, -78302]"
144.b2,144,2239488,0,"[0, 0, 0, -579, 5362]"
144.b3,144,60466176,0,"[0, 0, 0, -219, -1190]"
144.b4,144,1679616,0,"[0, 0, 0, -39, 70]"
144.b5,144,34992,0,"[0, 0, 0, 6, 7]"
144.b6,144,9795520512,0,"[0, 0, 0, 141, -4718]"
145.a1,145,145,1,"[1, -1, 1, -3, 2]"
145.a2,145,21025,1,"[1, -1, 1, 2, 6]"
147.a1,147,17294403,0,"[1, 1, 1, -38417, 2882228]"
147.a2,147,2542277241,0,"[1, 1, 1, -2402, 44246]"
147.a3,147,5403265623,0,"[1, 1, 1, -1912, -32782]"
147.a4,147,2.03467E+12,0,"[1, 1, 1, -1667, 72764]"
147.a5,147,466948881,0,"[1, 1, 1, -197, 146]"
147.a6,147,7411887,0,"[1, 1, 1, 48, 48]"
147.b1,147,78121827,0,"[0, -1, 1, -912, 10919]"
147.b2,147,147,0,"[0, -1, 1, -2, -1]"
147.c1,147,9.19095E+12,0,"[0, 1, 1, -44704, -3655907]"
147.c2,147,17294403,0,"[0, 1, 1, -114, 473]"
148.a1,148,9472,1,"[0, -1, 0, -5, 1]"
150.a1,150,3.69056E+12,0,"[1, 1, 0, -20700, 1134000]"
150.a2,150,35156250,0,"[1, 1, 0, -1325, -19125]"
150.a3,150,4.86E+11,0,"[1, 1, 0, -700, 34000]"
150.a4,150,23437500,0,"[1, 1, 0, -75, -375]"
150.b1,150,1265625000,0,"[1, 1, 1, -133338, -18795969]"
150.b2,150,9.15527E+13,0,"[1, 1, 1, -11338, -67969]"
150.b3,150,1.40625E+11,0,"[1, 1, 1, -8338, -295969]"
150.b4,150,527343750,0,"[1, 1, 1, -7213, 232781]"
150.b5,150,83037656250,0,"[1, 1, 1, -1713, -24219]"
150.b6,150,1139062500,0,"[1, 1, 1, -463, 3281]"
150.b7,150,24000000000,0,"[1, 1, 1, -338, -7969]"
150.b8,150,33750000,0,"[1, 1, 1, 37, 281]"
150.c1,150,236196000,0,"[1, 0, 0, -828, 9072]"
150.c2,150,2250,0,"[1, 0, 0, -53, -153]"
150.c3,150,31104000,0,"[1, 0, 0, -28, 272]"
150.c4,150,1500,0,"[1, 0, 0, -3, -3]"
152.a1,152,4864,1,"[0, 1, 0, -1, 3]"
152.b1,152,38912,0,"[0, 1, 0, -8, -16]"
153.a1,153,459,1,"[0, 0, 1, -3, 2]"
153.b1,153,10744731,1,"[0, 0, 1, -534, 4752]"
153.b2,153,334611,1,"[0, 0, 1, 6, 27]"
153.c1,153,12393,0,"[1, -1, 0, -816, 9179]"
153.c2,153,210681,0,"[1, -1, 0, -51, 152]"
153.c3,153,12393,0,"[1, -1, 0, -6, -1]"
153.c4,153,60886809,0,"[1, -1, 0, -6, 377]"
153.d1,153,334611,0,"[0, 0, 1, -27, -61]"
154.a1,154,4312,1,"[1, -1, 0, -469, 4029]"
154.a2,154,54208,1,"[1, -1, 0, -29, 69]"
154.b1,154,2156,0,"[1, 1, 0, -234, -1480]"
154.b2,154,13552,0,"[1, 1, 0, -14, -28]"
154.c1,154,2324168,0,"[1, -1, 1, -5164, -141529]"
154.c2,154,12004097336,0,"[1, -1, 1, -604, 2343]"
154.c3,154,45914176,0,"[1, -1, 1, -324, -2137]"
154.c4,154,3469312,0,"[1, -1, 1, -4, -89]"
155.a1,155,143145755,1,"[0, -1, 1, -840, -9114]"
155.a2,155,96875,1,"[0, -1, 1, 10, 6]"
155.b1,155,4805,0,"[1, 1, 1, -26, -62]"
155.b2,155,775,0,"[1, 1, 1, -1, -2]"
155.c1,155,155,1,"[0, -1, 1, -1, 1]"
156.a1,156,129792,1,"[0, -1, 0, -20, -24]"
156.a2,156,1872,1,"[0, -1, 0, -5, 6]"
156.b1,156,3706989312,0,"[0, 1, 0, -748, -7564]"
156.b2,156,316368,0,"[0, 1, 0, -733, -7888]"
156.b3,156,1168128,0,"[0, 1, 0, -148, 644]"
156.b4,156,151632,0,"[0, 1, 0, -13, -4]"
158.a1,158,316,1,"[1, 1, 0, -3, 1]"
158.b1,158,20709376,0,"[1, 0, 1, -5217, -145452]"
158.b2,158,31554496,0,"[1, 0, 1, -82, -92]"
158.b3,158,316,0,"[1, 0, 1, -47, 118]"
158.c1,158,20224,1,"[1, -1, 1, -9, 9]"
158.d1,158,49232902384,0,"[1, 1, 1, -23380, -1385691]"
158.d2,158,82837504,0,"[1, 1, 1, -420, 3109]"
1580,158,12482,0,"[1, 1, 1, -9, 5]"
15800,158,316,0,"[1, 1, 1, 1, 1]"
160.a1,160,320,1,"[0, 1, 0, -6, 4]"
160.a2,160,102400,1,"[0, 1, 0, -1, 15]"
160.b1,160,320,0,"[0, -1, 0, -6, -4]"
160.b2,160,102400,0,"[0, -1, 0, -1, -15]"
161.a1,161,55223,0,"[1, -1, 1, -124, 560]"
161.a2,161,25921,0,"[1, -1, 1, -9, 8]"
161.a3,161,161,0,"[1, -1, 1, -4, -2]"
161.a4,161,1958887,0,"[1, -1, 1, 26, 36]"
162.a1,162,2916,1,"[1, -1, 0, -6, 8]"
162.a2,162,3779136,1,"[1, -1, 0, 39, -19]"
162.b1,162,93312,0,"[1, -1, 0, -1077, 13877]"
162.b2,162,1.23835E+11,0,"[1, -1, 0, -852, 19664]"
162.b3,162,472392,0,"[1, -1, 0, -42, -100]"
162.b4,162,1458,0,"[1, -1, 0, 3, -1]"
162.c1,162,68024448,0,"[1, -1, 1, -9695, -364985]"
162.c2,162,169869312,0,"[1, -1, 1, -95, -697]"
162.c3,162,648,0,"[1, -1, 1, -5, 5]"
162.c4,162,1062882,0,"[1, -1, 1, 25, 1]"
162.d1,162,2125764,0,"[1, -1, 1, -56, -161]"
162.d2,162,5184,0,"[1, -1, 1, 4, -1]"
163.a1,163,163,1,"[0, 0, 1, -2, 1]"
166.a1,166,1328,1,"[1, 1, 0, -6, 4]"
168.a1,168,193536,0,"[0, -1, 0, -4032, 99900]"
168.a2,168,3809369088,0,"[0, -1, 0, -392, -228]"
168.a3,168,9144576,0,"[0, -1, 0, -252, 1620]"
168.a4,168,1037232,0,"[0, -1, 0, -7, 52]"
168.b1,168,580608,0,"[0, 1, 0, -152, 672]"
168.b2,168,112896,0,"[0, 1, 0, -12, 0]"
168.b3,168,336,0,"[0, 1, 0, -7, -10]"
168.b4,168,7375872,0,"[0, 1, 0, 48, 48]"
170.a1,170,4.45645E+12,0,"[1, 0, 1, -4169, -20724]"
170.a2,170,31443200,0,"[1, 0, 1, -2554, 49452]"
170.a3,170,2.41376E+11,0,"[1, 0, 1, -2474, 52716]"
170.a4,170,2.89E+14,0,"[1, 0, 1, 16311, -159988]"
170.b1,170,6800,1,"[1, 0, 1, -8, 6]"
170.b2,170,722500,1,"[1, 0, 1, 12, 38]"
170.c1,170,17000,0,"[1, 0, 1, -3, 6]"
170.c2,170,12577280,0,"[1, 0, 1, 22, -164]"
170.d1,170,170,0,"[1, -1, 0, -10, -10]"
1700,170,1.22825E+12,0,"[1, 0, 0, -6641, -215575]"
17000,170,4456448000,0,"[1, 0, 0, 399, -919]"
171.a1,171,1121931,0,"[1, -1, 1, -914, -10402]"
171.a2,171,2368521,0,"[1, -1, 1, -59, -142]"
171.a3,171,41553,0,"[1, -1, 1, -14, 20]"
171.a4,171,285012027,0,"[1, -1, 1, 76, -790]"
171.b1,171,13851,1,"[0, 0, 1, -6924, 221760]"
171.b2,171,5000211,1,"[0, 0, 1, -84, 315]"
171.b3,171,13851,1,"[0, 0, 1, 6, 0]"
171.c1,171,16245685539,0,"[0, 0, 1, -39513, 3023145]"
171.c2,171,817887699,0,"[0, 0, 1, 177, 1035]"
171.d1,171,124659,0,"[0, 0, 1, -21, -41]"
172.a1,172,11008,1,"[0, 1, 0, -13, 15]"
172.a2,172,20353792,1,"[0, 1, 0, 67, 79]"
174.a1,174,712704,0,"[1, 1, 0, -56, -192]"
174.b1,174,6.21261E+14,0,"[1, 0, 1, -7705, 1226492]"
174.b2,174,4.58176E+17,0,"[1, 0, 1, 68840, -31810330]"
174.c1,174,4698,0,"[1, 0, 1, -310, -2122]"
174.c2,174,4243686,0,"[1, 0, 1, -50, 86]"
174.c3,174,30276,0,"[1, 0, 1, -20, -34]"
174.c4,174,1392,0,"[1, 0, 1, 0, -2]"
174.d1,174,1566,0,"[1, 1, 1, -5, -7]"
1740,174,1.03499E+11,0,"[1, 0, 0, -6511, -203353]"
17400,174,8118144,0,"[1, 0, 0, -1, 137]"
175.a1,175,2100875,1,"[0, -1, 1, -148, 748]"
175.a2,175,875,1,"[0, -1, 1, 2, -2]"
175.b1,175,2.13623E+11,1,"[0, -1, 1, -3283, -74657]"
175.b2,175,546875,1,"[0, -1, 1, -33, 93]"
175.b3,175,669921875,1,"[0, -1, 1, 217, -282]"
175.c1,175,32826171875,0,"[0, 1, 1, -3708, 86119]"
175.c2,175,13671875,0,"[0, 1, 1, 42, -131]"
176.a1,176,340736,1,"[0, -1, 0, -77, 289]"
176.a2,176,2816,1,"[0, -1, 0, 3, 1]"
176.b1,176,45056,0,"[0, 1, 0, -125125, 16994227]"
176.b2,176,659664896,0,"[0, 1, 0, -165, 1427]"
176.b3,176,45056,0,"[0, 1, 0, -5, -13]"
176.c1,176,2816,0,"[0, 0, 0, -4, -4]"
178.a1,178,1013888,0,"[1, 1, 0, -684, 6608]"
178.a2,178,1458176,0,"[1, 1, 0, -44, 80]"
178.b1,178,11279504,0,"[1, 0, 0, -554, -5068]"
178.b2,178,364544,0,"[1, 0, 0, 6, -28]"
179.a1,179,179,0,"[0, 0, 1, -1, -1]"
180.a1,180,1458000,0,"[0, 0, 0, -372, 2761]"
180.a2,180,2916000000,0,"[0, 0, 0, -327, 3454]"
180.a3,180,58320,0,"[0, 0, 0, -12, -11]"
180.a4,180,4665600,0,"[0, 0, 0, 33, -74]"
182.a1,182,21926008832,0,"[1, 0, 1, -4609, 120244]"
182.b1,182,332678528,0,"[1, -1, 0, -22, 884]"
182.c1,182,8.95346E+12,0,"[1, -1, 1, -59134, 5547693]"
182.c2,182,7.48537E+13,0,"[1, -1, 1, -31294, -2081875]"
182.c3,182,3.44082E+12,0,"[1, -1, 1, -4254, 59693]"
182.c4,182,60782804992,0,"[1, -1, 1, 866, 6445]"
182.d1,182,182,0,"[1, 0, 0, -15663, -755809]"
182.d2,182,6028568,0,"[1, 0, 0, -193, -1055]"
182.d3,182,46592,0,"[1, 0, 0, 7, -7]"
1820,182,8918,0,"[1, -1, 1, 3, -5]"
184.a1,184,368,1,"[0, -1, 0, 0, 1]"
184.b1,184,368,1,"[0, -1, 0, -4, 5]"
184.c1,184,1083392,0,"[0, 0, 0, -35, 62]"
184.c2,184,23552,0,"[0, 0, 0, 5, 6]"
184.d1,184,368,0,"[0, 0, 0, -55, -157]"
185.a1,185,23125,1,"[0, 1, 1, -156, 700]"
185.b1,185,925,1,"[0, -1, 1, -5, 6]"
185.c1,185,185,1,"[1, 0, 1, -4, -3]"
185.c2,185,34225,1,"[1, 0, 1, 1, -9]"
186.a1,186,10983114,0,"[1, 1, 0, -83, -369]"
186.b1,186,11904,0,"[1, 0, 1, -17, -28]"
186.c1,186,171774906,0,"[1, 0, 0, -1395, -20181]"
186.c2,186,241056,0,"[1, 0, 0, 15, 9]"
187.a1,187,265513259,0,"[0, 1, 1, -99, -905]"
187.a2,187,384659,0,"[0, 1, 1, 11, 30]"
187.b1,187,22627,0,"[0, 0, 1, 7, 1]"
189.a1,189,1701,1,"[0, 0, 1, -3, 0]"
189.b1,189,1240029,1,"[0, 0, 1, -3834, -91375]"
189.b2,189,6751269,1,"[0, 0, 1, -54, -88]"
189.b3,189,189,1,"[0, 0, 1, -24, 45]"
189.c1,189,1701,0,"[0, 0, 1, -426, 3384]"
189.c2,189,137781,0,"[0, 0, 1, -216, -1222]"
189.c3,189,9261,0,"[0, 0, 1, -6, 3]"
189.d1,189,1240029,0,"[0, 0, 1, -27, -7]"
190.a1,190,950,1,"[1, 1, 0, 2, 2]"
190.b1,190,972800,1,"[1, -1, 1, -48, 147]"
190.c1,190,342950,0,"[1, 0, 0, -2780, -56650]"
190.c2,190,2375000,0,"[1, 0, 0, -30, -100]"
192.a1,192,98304,1,"[0, -1, 0, -129, 609]"
192.a2,192,36864,1,"[0, -1, 0, -9, 9]"
192.a3,192,192,1,"[0, -1, 0, -4, -2]"
192.a4,192,2654208,1,"[0, -1, 0, 31, 33]"
192.b1,192,1179648,0,"[0, -1, 0, -1537, 23713]"
192.b2,192,196608,0,"[0, -1, 0, -257, -1503]"
192.b3,192,5308416,0,"[0, -1, 0, -97, 385]"
192.b4,192,147456,0,"[0, -1, 0, -17, -15]"
192.b5,192,3072,0,"[0, -1, 0, 3, -3]"
192.b6,192,859963392,0,"[0, -1, 0, 63, 1377]"
192.c1,192,98304,0,"[0, 1, 0, -129, -609]"
192.c2,192,36864,0,"[0, 1, 0, -9, -9]"
192.c3,192,192,0,"[0, 1, 0, -4, 2]"
192.c4,192,2654208,0,"[0, 1, 0, 31, -33]"
192.d1,192,1179648,0,"[0, 1, 0, -1537, -23713]"
192.d2,192,196608,0,"[0, 1, 0, -257, 1503]"
192.d3,192,5308416,0,"[0, 1, 0, -97, -385]"
192.d4,192,147456,0,"[0, 1, 0, -17, 15]"
192.d5,192,3072,0,"[0, 1, 0, 3, 3]"
192.d6,192,859963392,0,"[0, 1, 0, 63, -1377]"
194.a1,194,18818,0,"[1, -1, 1, -13, 19]"
194.a2,194,388,0,"[1, -1, 1, -3, -1]"
195.a1,195,24375,0,"[1, 0, 0, -130000, -18051943]"
195.a2,195,594140625,0,"[1, 0, 0, -8125, -282568]"
195.a3,195,5.95093E+12,0,"[1, 0, 0, -7930, -296725]"
195.a4,195,1445900625,0,"[1, 0, 0, -520, -4225]"
195.a5,195,27720225,0,"[1, 0, 0, -115, 392]"
195.a6,195,5265,0,"[1, 0, 0, -110, 435]"
195.a7,195,2798036865,0,"[1, 0, 0, 210, 2277]"
195.a8,195,1.83539E+11,0,"[1, 0, 0, 605, -19750]"
195.b1,195,24024195,0,"[0, -1, 1, -190, 1101]"
195.c1,195,27421875,0,"[0, 1, 1, -66, -349]"
195.d1,195,195,0,"[0, 1, 1, 0, -1]"
196.a1,196,784,1,"[0, -1, 0, -142, 701]"
196.a2,196,784,1,"[0, -1, 0, -2, 1]"
196.b1,196,92236816,0,"[0, 1, 0, -6974, -226507]"
196.b2,196,92236816,0,"[0, 1, 0, -114, -127]"
197.a1,197,197,1,"[0, 0, 1, -5, 4]"
198.a1,198,48114,1,"[1, -1, 0, -3168, 69430]"
198.a2,198,3175524,1,"[1, -1, 0, -198, 1120]"
198.a3,198,1729072818,1,"[1, -1, 0, -108, 2074]"
198.a4,198,384912,1,"[1, -1, 0, -18, 4]"
198.b1,198,152425152,0,"[1, -1, 0, -9222, -338572]"
198.b2,198,886837248,0,"[1, -1, 0, -582, -5068]"
198.b3,198,191328588,0,"[1, -1, 0, -147, -135]"
198.b4,198,574992,0,"[1, -1, 0, -87, 333]"
198.c1,198,1408874148,0,"[1, -1, 0, -90585, 10516473]"
198.c2,198,3.40351E+14,0,"[1, -1, 0, -90495, 10538343]"
198.c3,198,1995383808,0,"[1, -1, 0, -405, -2187]"
198.c4,198,1.66677E+11,0,"[1, -1, 0, 1035, -15147]"
198.d1,198,1.39479E+11,0,"[1, -1, 1, -1325, 4969]"
198.d2,198,209088,0,"[1, -1, 1, -1025, 12881]"
198.d3,198,419169168,0,"[1, -1, 1, -785, -8207]"
198.d4,198,1216512,0,"[1, -1, 1, -65, 209]"
1980,198,186297408,0,"[1, -1, 1, -725, 7661]"
19800,198,92985693768,0,"[1, -1, 1, -365, 15005]"
198000,198,866052,0,"[1, -1, 1, -50, -115]"
1980000,198,128608722,0,"[1, -1, 1, 40, -547]"
200.a1,200,800000000,0,"[0, 0, 0, 125, -1250]"
200.b1,200,32000,1,"[0, 1, 0, -28, 48]"
200.b2,200,2000,1,"[0, 1, 0, -3, -2]"
200.c1,200,80000000,0,"[0, 0, 0, -2675, -53250]"
200.c2,200,100000000,0,"[0, 0, 0, -175, -750]"
200.c3,200,1250000,0,"[0, 0, 0, -50, 125]"
200.c4,200,10000000000,0,"[0, 0, 0, 325, -4250]"
200.d1,200,500000000,0,"[0, -1, 0, -708, 7412]"
200.d2,200,31250000,0,"[0, -1, 0, -83, -88]"
2000,200,51200,0,"[0, 0, 0, 5, -10]"
201.a1,201,603,1,"[0, -1, 1, 2, 0]"
201.b1,201,1809,1,"[1, 0, 0, -1, 2]"
201.c1,201,16281,1,"[1, 1, 0, -794, 8289]"
202.a1,202,13238272,0,"[1, -1, 0, 4, -176]"
203.a1,203,143578043,0,"[0, -1, 1, -2150, -37668]"
203.a2,203,487403,0,"[0, -1, 1, 20, -8]"
203.b1,203,1421,1,"[1, 1, 1, 0, -2]"
203.c1,203,1421,0,"[1, 1, 0, -154, 675]"
203.c2,203,5887,0,"[1, 1, 0, -9, 8]"
204.a1,204,770943744,0,"[0, -1, 0, -1621, -24623]"
204.b1,204,13056,0,"[0, 1, 0, -5, -9]"
205.a1,205,16015625,1,"[1, -1, 1, -232, -1286]"
205.a2,205,1050625,1,"[1, -1, 1, -27, 26]"
205.a3,205,1025,1,"[1, -1, 1, -22, 44]"
205.a4,205,70644025,1,"[1, -1, 1, 98, 126]"
205.b1,205,1025,0,"[1, 1, 1, -21, -46]"
205.b2,205,1050625,0,"[1, 1, 1, -16, -62]"
205.c1,205,8405,0,"[1, 1, 0, -27, 44]"
205.c2,205,1025,0,"[1, 1, 0, -2, -1]"
206.a1,206,21218,0,"[1, 1, 0, -8, -10]"
206.a2,206,412,0,"[1, 1, 0, 2, 0]"
207.a1,207,1156923,1,"[1, -1, 1, -140, 668]"
207.a2,207,150903,1,"[1, -1, 1, -5, 20]"
208.a1,208,27262976,1,"[0, -1, 0, -7352, 245104]"
208.a2,208,71991296,1,"[0, -1, 0, -72, 496]"
208.a3,208,106496,1,"[0, -1, 0, 8, -16]"
208.b1,208,26624,1,"[0, -1, 0, -16, 32]"
208.c1,208,208,0,"[0, 0, 0, -4, 3]"
208.c2,208,43264,0,"[0, 0, 0, 1, 10]"
208.d1,208,5.14036E+11,0,"[0, 0, 0, -3403, 83834]"
208.d2,208,6815744,0,"[0, 0, 0, -43, -166]"
209.a1,209,480491,1,"[0, 1, 1, -27, 55]"
209.a2,209,517504691,1,"[0, 1, 1, 193, -308]"
210.a1,210,5670,1,"[1, 1, 0, -373, 2623]"
210.a2,210,44100,1,"[1, 1, 0, -23, 33]"
210.a3,210,1680,1,"[1, 1, 0, -3, -3]"
210.a4,210,9003750,1,"[1, 1, 0, 7, 147]"
210.b1,210,41160000,0,"[1, 0, 1, -351233, -80149132]"
210.b2,210,1.08425E+11,0,"[1, 0, 1, -21953, -1253644]"
210.b3,210,3.58766E+14,0,"[1, 0, 1, -20353, -1443724]"
210.b4,210,1.8457E+11,0,"[1, 0, 1, -4358, -109132]"
210.b5,210,86318776320,0,"[1, 0, 1, -1473, -16652]"
210.b6,210,8930250000,0,"[1, 0, 1, -578, 2756]"
210.b7,210,6048000,0,"[1, 0, 1, -498, 4228]"
210.b8,210,6.37995E+11,0,"[1, 0, 1, 1922, 20756]"
210.c1,210,3150,0,"[1, 1, 1, -16800, -845133]"
210.c2,210,9922500,0,"[1, 1, 1, -1050, -13533]"
210.c3,210,35880468750,0,"[1, 1, 1, -980, -15325]"
210.c4,210,345888060,0,"[1, 1, 1, -370, 2435]"
210.c5,210,8643600,0,"[1, 1, 1, -70, -205]"
210.c6,210,188160,0,"[1, 1, 1, 10, -13]"
210.d1,210,1.0381E+13,0,"[1, 0, 0, -6451, 124931]"
210.d2,210,2593080,0,"[1, 0, 0, -5761, 167825]"
210.d3,210,66177562500,0,"[1, 0, 0, -2701, -52819]"
210.d4,210,2058000,0,"[1, 0, 0, -2681, -53655]"
210.d5,210,57153600,0,"[1, 0, 0, -361, 2585]"
210.d6,210,18600435000,0,"[1, 0, 0, -81, 6561]"
210.d7,210,3870720,0,"[1, 0, 0, -41, -39]"
210.d8,210,1.35659E+13,0,"[1, 0, 0, 729, -176985]"
2100,210,360150,0,"[1, 0, 0, -1920800, -1024800150]"
21000,210,1.29708E+11,0,"[1, 0, 0, -120050, -16020000]"
210000,210,4.98494E+15,0,"[1, 0, 0, -119300, -16229850]"
2100000,210,1.20531E+11,0,"[1, 0, 0, -15070, 710612]"
21000000,210,1.21551E+12,0,"[1, 0, 0, -7550, -247500]"
210000000,210,51438240000,0,"[1, 0, 0, -1070, 7812]"
2100000000,210,928972800,0,"[1, 0, 0, 210, 900]"
21000000000,210,2.69165E+14,0,"[1, 0, 0, 1270, -789048]"
212.a1,212,13568,1,"[0, -1, 0, -4, 8]"
212.b1,212,848,0,"[0, -1, 0, -17, -22]"
212.b2,212,719104,0,"[0, -1, 0, -12, -40]"
213.a1,213,15123,0,"[1, 0, 1, -15, 19]"
213.a2,213,639,0,"[1, 0, 1, 0, 1]"
214.a1,214,214,1,"[1, 0, 1, 1, 0]"
214.b1,214,109568,1,"[1, 0, 1, -193, 1012]"
214.c1,214,13696,1,"[1, 0, 0, -12, 16]"
214.d1,214,4900172,0,"[1, 0, 0, -18, -112]"
214.d2,214,6848,0,"[1, 0, 0, 2, 4]"
215.a1,215,26875,1,"[0, 0, 1, -8, -12]"
216.a1,216,62208,1,"[0, 0, 0, -12, 20]"
216.b1,216,497664,0,"[0, 0, 0, -3, -34]"
216.c1,216,362797056,0,"[0, 0, 0, -27, 918]"
216.d1,216,45349632,0,"[0, 0, 0, -108, -540]"
218.a1,218,6976,1,"[1, 0, 0, -2, 4]"
218.a2,218,5180116,1,"[1, 0, 0, 18, -104]"
219.a1,219,219,1,"[0, -1, 1, -6, 8]"
219.b1,219,1167051,1,"[0, 1, 1, -27, -85]"
219.b2,219,1971,1,"[0, 1, 1, 3, 2]"
219.c1,219,1294947,1,"[1, 1, 0, -1297, -18530]"
219.c2,219,4310577,1,"[1, 1, 0, -82, -305]"
220.a1,220,8518400,1,"[0, 1, 0, -7100, -232652]"
220.a2,220,141724880,1,"[0, 1, 0, -445, -3720]"
220.a3,220,44000000,1,"[0, 1, 0, -100, -252]"
220.a4,220,242000,1,"[0, 1, 0, -45, 100]"
220.b1,220,70400,0,"[0, -1, 0, -60, 200]"
220.b2,220,9680,0,"[0, -1, 0, -5, 2]"
221.a1,221,634933,0,"[1, -1, 1, -11718, 491144]"
221.a2,221,82055753,0,"[1, -1, 1, -733, 7804]"
221.b1,221,2873,0,"[1, 1, 0, -59, 152]"
221.b2,221,8254129,0,"[1, 1, 0, -54, 185]"
222.a1,222,6.10918E+12,0,"[1, 1, 0, -182317, 29887645]"
222.b1,222,78653268,0,"[1, 1, 0, -804, -9108]"
222.b2,222,202409388,0,"[1, 1, 0, -604, 5428]"
222.b3,222,15968016,0,"[1, 1, 0, -64, -80]"
222.b4,222,255744,0,"[1, 1, 0, 16, 0]"
222.c1,222,909312,0,"[1, 0, 1, 1, -46]"
222.d1,222,13108878,0,"[1, 1, 1, 17, 179]"
2220,222,303918,0,"[1, 0, 0, -148, -706]"
22200,222,7992,0,"[1, 0, 0, 2, -4]"
224.a1,224,25088,1,"[0, 1, 0, -8, -8]"
224.a2,224,448,1,"[0, 1, 0, 2, 0]"
224.b1,224,25088,0,"[0, -1, 0, -8, 8]"
224.b2,224,448,0,"[0, -1, 0, 2, 0]"
225.a1,225,1366875,1,"[0, 0, 1, -75, 256]"
225.a2,225,69198046875,1,"[0, 0, 1, 375, -12344]"
225.b1,225,4613203125,0,"[1, -1, 1, -486005, 130530872]"
225.b2,225,1.86835E+12,0,"[1, -1, 1, -30380, 2044622]"
225.b3,225,2.45165E+15,0,"[1, -1, 1, -24755, 2820872]"
225.b4,225,170859375,0,"[1, -1, 1, -18005, -925378]"
225.b5,225,5.7665E+11,0,"[1, -1, 1, -2255, 19622]"
225.b6,225,2562890625,0,"[1, -1, 1, -1130, -14128]"
225.b7,225,170859375,0,"[1, -1, 1, -5, -628]"
225.b8,225,4.00452E+13,0,"[1, -1, 1, 7870, 141122]"
225.c1,225,492075,1,"[0, 0, 1, 0, -34]"
225.c2,225,675,1,"[0, 0, 1, 0, 1]"
225.d1,225,7688671875,0,"[0, 0, 1, 0, -4219]"
225.d2,225,10546875,0,"[0, 0, 1, 0, 156]"
2250,225,21357421875,0,"[0, 0, 1, -1875, 32031]"
22500,225,4428675,0,"[0, 0, 1, 15, -99]"
226.a1,226,102152,1,"[1, 0, 0, -45, -119]"
226.a2,226,7232,1,"[1, 0, 0, -5, 1]"
228.a1,228,43776,1,"[0, -1, 0, 3, 9]"
228.b1,228,3545856,0,"[0, -1, 0, -92, 360]"
228.b2,228,155952,0,"[0, -1, 0, 3, 18]"
229.a1,229,229,1,"[1, 0, 0, -2, -1]"
231.a1,231,5557167,0,"[1, 1, 1, -4519, -118810]"
231.a2,231,58110129,0,"[1, 1, 1, -284, -1924]"
231.a3,231,2614689,0,"[1, 1, 1, -39, 36]"
231.a4,231,1617,0,"[1, 1, 1, -34, 62]"
231.a5,231,13504609503,0,"[1, 1, 1, 31, -5578]"
231.a6,231,190238433,0,"[1, 1, 1, 126, 432]"
232.a1,232,29696,1,"[0, -1, 0, 8, -4]"
232.b1,232,29696,0,"[0, 1, 0, -80, -304]"
233.a1,233,233,0,"[1, 0, 1, -5, 3]"
233.a2,233,54289,0,"[1, 0, 1, 0, 11]"
234.a1,234,18252,1,"[1, -1, 0, -63, 209]"
234.a2,234,5616,1,"[1, -1, 0, -3, 5]"
234.b1,234,91487337786,0,"[1, -1, 0, -1914, 35846]"
234.b2,234,1213056,0,"[1, -1, 0, -24, -64]"
234.c1,234,80951927472,0,"[1, -1, 1, -186656, -30992493]"
234.c2,234,5.28708E+14,0,"[1, -1, 1, -21056, 404115]"
234.c3,234,1.86237E+12,0,"[1, -1, 1, -11696, -479469]"
234.c4,234,1.50924E+11,0,"[1, -1, 1, -176, -18669]"
234.d1,234,13305708,0,"[1, -1, 1, -569, -5075]"
234.d2,234,4094064,0,"[1, -1, 1, -29, -107]"
2340,234,4852224,0,"[1, -1, 1, -4136, 103403]"
23400,234,12812904,0,"[1, -1, 1, -41, 209]"
234000,234,18954,0,"[1, -1, 1, 4, -7]"
235.a1,235,91796875,0,"[1, 1, 1, -3551, -82926]"
235.b1,235,5875,1,"[1, 1, 1, -5, 0]"
235.c1,235,5875,0,"[0, -1, 1, 4, 1]"
236.a1,236,944,1,"[0, -1, 0, -1, 2]"
236.b1,236,944,0,"[0, 1, 0, -9, 8]"
236.b2,236,3286064,0,"[0, 1, 0, 31, 68]"
238.a1,238,28322,1,"[1, -1, 0, -8, 6]"
238.a2,238,476,1,"[1, -1, 0, 2, 0]"
238.b1,238,130960928,0,"[1, 1, 0, -128, -160]"
238.b2,238,2071552,0,"[1, 1, 0, 32, 0]"
238.c1,238,88817792,1,"[1, 0, 0, -700, 7056]"
238.c2,238,13647872,1,"[1, 0, 0, -60, 16]"
238.d1,238,8185058,0,"[1, -1, 1, -529, -4545]"
238.d2,238,2775556,0,"[1, -1, 1, -39, -37]"
238.d3,238,13328,0,"[1, -1, 1, -19, 35]"
238.d4,238,196003234,0,"[1, -1, 1, 131, -377]"
2380,238,1387778,0,"[1, 1, 1, -28, -5]"
23800,238,3332,0,"[1, 1, 1, -18, -37]"
240.a1,240,829440,1,"[0, -1, 0, -216, 1296]"
240.a2,240,3840000,1,"[0, -1, 0, -136, -560]"
240.a3,240,230400,1,"[0, -1, 0, -16, 16]"
240.a4,240,3840,1,"[0, -1, 0, 4, 0]"
240.b1,240,331776000,0,"[0, -1, 0, -85336, 9623536]"
240.b2,240,2.4E+13,0,"[0, -1, 0, -7256, 34800]"
240.b3,240,36864000000,0,"[0, -1, 0, -5336, 151536]"
240.b4,240,138240000,0,"[0, -1, 0, -4616, -119184]"
240.b5,240,21767823360,0,"[0, -1, 0, -1096, 12400]"
240.b6,240,298598400,0,"[0, -1, 0, -296, -1680]"
240.b7,240,6291456000,0,"[0, -1, 0, -216, 4080]"
240.b8,240,8847360,0,"[0, -1, 0, 24, -144]"
240.c1,240,153600,0,"[0, -1, 0, -3200, 70752]"
240.c2,240,5760000,0,"[0, -1, 0, -200, 1152]"
240.c3,240,2400000000,0,"[0, -1, 0, -80, 2400]"
240.c4,240,518400,0,"[0, -1, 0, -20, 0]"
240.c5,240,720,0,"[0, -1, 0, -15, -18]"
240.c6,240,33592320,0,"[0, -1, 0, 80, -80]"
240.d1,240,1658880,0,"[0, 1, 0, -34560, 2461428]"
240.d2,240,671846400,0,"[0, 1, 0, -2160, 37908]"
240.d3,240,8.81597E+11,0,"[0, 1, 0, -1760, 52788]"
240.d4,240,61440,0,"[0, 1, 0, -1280, -18060]"
240.d5,240,207360000,0,"[0, 1, 0, -160, 308]"
240.d6,240,921600,0,"[0, 1, 0, -80, -300]"
240.d7,240,61440,0,"[0, 1, 0, 0, -12]"
240.d8,240,14400000000,0,"[0, 1, 0, 560, 2900]"
242.a1,242,8.78014E+11,0,"[1, 0, 1, -6295, -197958]"
242.a2,242,3429742096,0,"[1, 0, 1, 360, -970]"
242.b1,242,495616,1,"[1, 0, 0, -52, 144]"
242.b2,242,1936,1,"[1, 0, 0, 3, 1]"
243.a1,243,243,1,"[0, 0, 1, 0, -1]"
243.a2,243,177147,1,"[0, 0, 1, 0, 20]"
243.b1,243,1594323,0,"[0, 0, 1, 0, -61]"
243.b2,243,2187,0,"[0, 0, 1, 0, 2]"
244.a1,244,15616,1,"[0, 0, 0, 1, 6]"
245.a1,245,42875,1,"[0, 0, 1, -7, 12]"
245.b1,245,5044200875,0,"[0, 0, 1, -343, -4202]"
245.c1,245,1.60848E+12,1,"[0, -1, 1, -6435, 210006]"
245.c2,245,4117715,1,"[0, -1, 1, -65, -204]"
245.c3,245,5044200875,1,"[0, -1, 1, 425, 433]"
246.a1,246,212544,1,"[1, 1, 0, -66, 180]"
246.a2,246,88232328,1,"[1, 1, 0, -26, 444]"
246.b1,246,251904,0,"[1, 1, 0, -41, -123]"
246.c1,246,3.56992E+11,0,"[1, 0, 1, -453897, -117739700]"
246.c2,246,6.07698E+16,0,"[1, 0, 1, -453257, -118088116]"
246.d1,246,2214,0,"[1, 0, 1, -2, 2]"
246.d2,246,1654104,0,"[1, 0, 1, 13, -58]"
2460,246,717336,0,"[1, 1, 1, -270, -1821]"
246.f1,246,538002,0,"[1, 0, 0, -439, -3577]"
246.f2,246,544644,0,"[1, 0, 0, -29, -51]"
246.f3,246,5904,0,"[1, 0, 0, -9, 9]"
246.f4,246,50863698,0,"[1, 0, 0, 61, -285]"
246.g1,246,11122195296,0,"[1, 0, 0, -579535, -169860007]"
246.g2,246,3.34303E+11,0,"[1, 0, 0, -175, -27847]"
248.a1,248,496,1,"[0, 1, 0, 0, 1]"
248.b1,248,1968128,0,"[0, 1, 0, -32, -32]"
248.b2,248,31744,0,"[0, 1, 0, 8, 0]"
248.c1,248,496,1,"[0, 0, 0, 1, -1]"
249.a1,249,2241,1,"[1, 1, 1, -55, 134]"
249.b1,249,249,1,"[1, 1, 0, 2, 1]"
252.a1,252,11757312,1,"[0, 0, 0, -327, 2270]"
252.a2,252,1714608,1,"[0, 0, 0, -12, 65]"
252.b1,252,576108288,0,"[0, 0, 0, -16455, 812446]"
252.b2,252,4116773808,0,"[0, 0, 0, -1020, 12913]"
252.b3,252,952342272,0,"[0, 0, 0, -255, 502]"
252.b4,252,15431472,0,"[0, 0, 0, 60, 61]"
254.a1,254,1016,1,"[1, -1, 0, -5, -3]"
254.b1,254,254,1,"[1, 0, 0, -24432, -1471934]"
254.b2,254,16387064,1,"[1, 0, 0, -302, -2036]"
254.b3,254,65024,1,"[1, 0, 0, -22, 36]"
254.c1,254,32258,0,"[1, 0, 0, -8, -2]"
254.c2,254,508,0,"[1, 0, 0, 2, 0]"
254.d1,254,1016,0,"[1, -1, 1, -5419, 154883]"
254.d2,254,2081157128,0,"[1, -1, 1, -379, 1891]"
254.d3,254,1032256,0,"[1, -1, 1, -339, 2483]"
254.d4,254,520192,0,"[1, -1, 1, -19, 51]"
256.a1,256,32768,1,"[0, 1, 0, -13, -21]"
256.a2,256,512,1,"[0, 1, 0, -3, 1]"
256.b1,256,512,1,"[0, 0, 0, -2, 0]"
256.b2,256,32768,1,"[0, 0, 0, 8, 0]"
256.c1,256,32768,0,"[0, 0, 0, -8, 0]"
256.c2,256,512,0,"[0, 0, 0, 2, 0]"
256.d1,256,32768,0,"[0, -1, 0, -13, 21]"
256.d2,256,512,0,"[0, -1, 0, -3, -1]"
258.a1,258,1540767744,0,"[1, 1, 0, -1916, 31440]"
258.a2,258,1.13199E+12,0,"[1, 1, 0, -1276, 53584]"
258.b1,258,8256,1,"[1, 1, 0, 3, -3]"
258.c1,258,41796,1,"[1, 0, 1, -15, 22]"
258.d1,258,1032,0,"[1, 1, 1, -5504, -159463]"
258.d2,258,1065024,0,"[1, 1, 1, -344, -2599]"
258.d3,258,2215383048,0,"[1, 1, 1, -304, -3175]"
258.d4,258,528384,0,"[1, 1, 1, -24, -39]"
2580,258,1.99909E+11,0,"[1, 1, 1, -44124, 3549153]"
258.f1,258,3.26182E+12,0,"[1, 0, 0, -59901, -5648523]"
258.f2,258,1540767744,0,"[1, 0, 0, 159, 1737]"
258.g1,258,516,0,"[1, 0, 0, -2, 0]"
258.g2,258,33282,0,"[1, 0, 0, 8, 2]"
259.a1,259,4353013,0,"[1, -1, 0, -190, -957]"
259.a2,259,469567,0,"[1, -1, 0, -5, -32]"
260.a1,260,13520,0,"[0, -1, 0, -281, 1910]"
260.a2,260,182790400,0,"[0, -1, 0, -276, 1976]"
262.a1,262,262,1,"[1, -1, 0, -2, 2]"
262.b1,262,268288,1,"[1, 0, 0, 1, 25]"
264.a1,264,1824768,0,"[0, -1, 0, -472, 4108]"
264.a2,264,1115136,0,"[0, -1, 0, -32, 60]"
264.a3,264,8448,0,"[0, -1, 0, -12, -12]"
264.a4,264,89954304,0,"[0, -1, 0, 88, 300]"
264.b1,264,33792,0,"[0, 1, 0, -704, 6960]"
264.b2,264,44977152,0,"[0, 1, 0, -104, -288]"
264.b3,264,278784,0,"[0, 1, 0, -44, 96]"
264.b4,264,14256,0,"[0, 1, 0, 1, 6]"
264.c1,264,33792,0,"[0, 1, 0, -8, 0]"
264.c2,264,2230272,0,"[0, 1, 0, 32, 32]"
264.d1,264,24634368,0,"[0, 1, 0, -8016, -278928]"
264.d2,264,1.18526E+12,0,"[0, 1, 0, -7976, -281808]"
265.a1,265,6625,1,"[1, -1, 1, -138, 656]"
265.a2,265,43890625,1,"[1, -1, 1, -133, 702]"
267.a1,267,11493474507,0,"[0, -1, 1, -441, 6419]"
267.b1,267,2403,0,"[0, 1, 1, -3, 2]"
267.b2,267,2114907,0,"[0, 1, 1, 27, -37]"
268.a1,268,17152,0,"[0, -1, 0, 3, -7]"
269.a1,269,269,1,"[0, 0, 1, -2, -1]"
270.a1,270,196830,0,"[1, -1, 0, -15, 35]"
270.a2,270,177147000,0,"[1, -1, 0, 120, -424]"
270.b1,270,108000,0,"[1, -1, 0, -159, 813]"
270.b2,270,3224862720,0,"[1, -1, 0, 66, 2708]"
270.c1,270,78732000,0,"[1, -1, 1, -1433, -20519]"
270.c2,270,4423680,0,"[1, -1, 1, 7, -103]"
270.d1,270,270,0,"[1, -1, 1, -2, -1]"
270.d2,270,243000,0,"[1, -1, 1, 13, 11]"
272.a1,272,591872,1,"[0, 1, 0, -48, -140]"
272.a2,272,17408,1,"[0, 1, 0, -8, 4]"
272.b1,272,69632,1,"[0, 0, 0, -1451, 21274]"
272.b2,272,1183744,1,"[0, 0, 0, -91, 330]"
272.b3,272,69632,1,"[0, 0, 0, -11, -6]"
272.b4,272,342102016,1,"[0, 0, 0, -11, 890]"
272.c1,272,4352,0,"[0, -1, 0, -4, 0]"
272.c2,272,295936,0,"[0, -1, 0, 16, -16]"
272.d1,272,1.97735E+11,0,"[0, -1, 0, -1808, 21056]"
272.d2,272,80494592,0,"[0, -1, 0, -1648, 26304]"
272.d3,272,9469952,0,"[0, -1, 0, -688, -6720]"
272.d4,272,4456448,0,"[0, -1, 0, -48, -64]"
273.a1,273,361179,1,"[0, -1, 1, -26, 68]"
273.b1,273,1.1871E+13,0,"[0, 1, 1, 2540, -157433]"
274.a1,274,280576,1,"[1, -1, 0, -2846, 59156]"
274.b1,274,548,1,"[1, -1, 0, -2, 0]"
274.b2,274,37538,1,"[1, -1, 0, 8, -6]"
274.c1,274,17536,1,"[1, 0, 0, -7, 9]"
275.a1,275,107421875,1,"[1, -1, 1, -1480, 22272]"
275.a2,275,1143828125,1,"[1, -1, 1, -730, -7228]"
275.a3,275,47265625,1,"[1, -1, 1, -105, 272]"
275.a4,275,859375,1,"[1, -1, 1, 20, 22]"
275.b1,275,171875,0,"[0, 1, 1, -195508, -33338481]"
275.b2,275,2516421875,0,"[0, 1, 1, -258, -2981]"
275.b3,275,171875,0,"[0, 1, 1, -8, 19]"
277.a1,277,277,1,"[1, 0, 1, 0, -1]"
278.a1,278,2224,0,"[1, 0, 1, -602, 5628]"
278.a2,278,11000295424,0,"[1, 0, 1, -537, 6908]"
278.a3,278,9.55201E+12,0,"[1, 0, 1, 4328, -100122]"
278.b1,278,35584,1,"[1, 0, 0, -1, 9]"
280.a1,280,274400000,1,"[0, 0, 0, -412, 3316]"
280.b1,280,8960,1,"[0, -1, 0, -1, 5]"
282.a1,282,106032,1,"[1, 1, 1, -255, 1461]"
282.a2,282,108288,1,"[1, 1, 1, -15, 21]"
282.b1,282,3162033288,0,"[1, 1, 1, -3502, -81181]"
282.b2,282,16185567096,0,"[1, 1, 1, -2142, 36771]"
282.b3,282,927567936,0,"[1, 1, 1, -262, -829]"
282.b4,282,15593472,0,"[1, 1, 1, 58, -61]"
285.a1,285,28048275,1,"[1, 0, 0, -76, -19]"
285.a2,285,438615,1,"[1, 0, 0, 19, 0]"
285.b1,285,2671875,1,"[1, 1, 0, -93, -378]"
285.b2,285,135375,1,"[1, 1, 0, 2, -17]"
285.c1,285,146611125,0,"[1, 1, 0, -6007, -181724]"
285.c2,285,41748046875,0,"[1, 1, 0, -1237, 13054]"
285.c3,285,456890625,0,"[1, 1, 0, -382, -2849]"
285.c4,285,15582375,0,"[1, 1, 0, 23, -176]"
286.a1,286,773344,0,"[1, 0, 1, -7, 42]"
286.a2,286,566984704,0,"[1, 0, 1, 58, -1128]"
286.b1,286,12584,1,"[1, 1, 0, -33, 61]"
286.c1,286,12886016,1,"[1, 1, 1, 13, 177]"
286.d1,286,6.74373E+11,0,"[1, 1, 1, -27930, -1808687]"
286.d2,286,1437646496,0,"[1, 1, 1, 280, 393]"
2860,286,16749304,0,"[1, 1, 1, -66, -313]"
286.f1,286,286,0,"[1, 1, 1, 0, -1]"
288.a1,288,110592,1,"[0, 0, 0, -12, 0]"
288.a2,288,1728,1,"[0, 0, 0, 3, 0]"
288.b1,288,1119744,1,"[0, 0, 0, -291, -1910]"
288.b2,288,8957952,1,"[0, 0, 0, -156, 736]"
288.b3,288,419904,1,"[0, 0, 0, -21, -20]"
288.b4,288,30233088,1,"[0, 0, 0, 69, -146]"
288.c1,288,1119744,0,"[0, 0, 0, -291, 1910]"
288.c2,288,8957952,0,"[0, 0, 0, -156, -736]"
288.c3,288,419904,0,"[0, 0, 0, -21, 20]"
288.c4,288,30233088,0,"[0, 0, 0, 69, 146]"
288.d1,288,373248,0,"[0, 0, 0, -99, -378]"
288.d2,288,373248,0,"[0, 0, 0, -99, 378]"
288.d3,288,46656,0,"[0, 0, 0, -9, 0]"
288.d4,288,2985984,0,"[0, 0, 0, 36, 0]"
2880,288,80621568,0,"[0, 0, 0, -108, 0]"
28800,288,1259712,0,"[0, 0, 0, 27, 0]"
289.a1,289,410338673,1,"[1, -1, 1, -26209, -1626560]"
289.a2,289,6975757441,1,"[1, -1, 1, -1644, -24922]"
289.a3,289,2.01599E+12,1,"[1, -1, 1, -199, -68272]"
289.a4,289,410338673,1,"[1, -1, 1, -199, 510]"
290.a1,290,928000,1,"[1, -1, 0, -70, -204]"
290.a2,290,210250000,1,"[1, -1, 0, 10, -700]"
291.a1,291,9.13189E+12,0,"[0, -1, 1, -2174, 151262]"
291.b1,291,4175531937,0,"[1, 1, 1, -654, -5910]"
291.b2,291,61732449,0,"[1, 1, 1, -169, 686]"
291.b3,291,7857,0,"[1, 1, 1, -164, 740]"
291.b4,291,7170871761,0,"[1, 1, 1, 236, 3926]"
291.c1,291,28227,1,"[1, 1, 1, -18, -36]"
291.c2,291,873,1,"[1, 1, 1, -3, 0]"
291.d1,291,291,0,"[0, -1, 1, 0, -1]"
294.a1,294,2.77684E+13,0,"[1, 1, 0, -34864, 2503936]"
294.a2,294,2.44059E+11,0,"[1, 1, 0, 1151, 18901]"
294.b1,294,1.05904E+12,0,"[1, 1, 0, -6738, -209880]"
294.b2,294,52298274672,0,"[1, 1, 0, 122, -10940]"
294.c1,294,9001692,1,"[1, 0, 1, -138, 592]"
294.c2,294,444528,1,"[1, 0, 1, 2, 32]"
294.d1,294,236027904,0,"[1, 0, 1, -712, -7402]"
294.d2,294,2074464,0,"[1, 0, 1, 23, -52]"
2940,294,1.61378E+12,0,"[1, 1, 1, -6910, -232261]"
29400,294,34588806,0,"[1, 1, 1, -50, 293]"
294.f1,294,13716864,0,"[1, 0, 0, -141, 657]"
294.f2,294,294,0,"[1, 0, 0, -1, -1]"
294.g1,294,29647548,0,"[1, 0, 0, -65857, -6510547]"
294.g2,294,1.09872E+14,0,"[1, 0, 0, -44787, 3609423]"
294.g3,294,7.41328E+12,0,"[1, 0, 0, -5097, -49995]"
294.g4,294,7471182096,0,"[1, 0, 0, -4117, -101935]"
294.g5,294,1897443072,0,"[1, 0, 0, -197, -2367]"
294.g6,294,4.96312E+14,0,"[1, 0, 0, 18913, -381333]"
296.a1,296,9472,1,"[0, -1, 0, -9, 13]"
296.b1,296,9472,1,"[0, -1, 0, -33, 85]"
297.a1,297,2381643,1,"[0, 0, 1, -81, 290]"
297.b1,297,297,1,"[1, -1, 1, 1, 0]"
297.c1,297,216513,1,"[1, -1, 0, 12, -19]"
297.d1,297,3267,0,"[0, 0, 1, -9, -11]"
298.a1,298,298,1,"[1, -1, 0, 1, -1]"
298.b1,298,76288,1,"[1, 0, 0, -19, 33]"
300.a1,300,18000,1,"[0, -1, 0, -13, 22]"
300.a2,300,2592000,1,"[0, -1, 0, 12, 72]"
300.b1,300,19200,0,"[0, -1, 0, -1213, -15863]"
300.b2,300,172800,0,"[0, -1, 0, -13, -23]"
300.c1,300,300000000,0,"[0, 1, 0, -30333, -2043537]"
300.c2,300,2700000000,0,"[0, 1, 0, -333, -3537]"
300.d1,300,281250000,0,"[0, 1, 0, -333, 2088]"
300.d2,300,40500000000,0,"[0, 1, 0, 292, 9588]"
302.a1,302,182408,0,"[1, 1, 0, -39, 77]"
302.a2,302,9664,0,"[1, 1, 0, 1, 5]"
302.b1,302,4832,1,"[1, -1, 1, 0, 3]"
302.c1,302,4947968,1,"[1, 1, 1, -230, 1251]"
302.c2,302,6.28022E+11,1,"[1, 1, 1, 1650, -27389]"
303.a1,303,8181,1,"[0, 1, 1, -6, 2]"
303.b1,303,483079869,1,"[0, 1, 1, -197, -208]"
304.a1,304,4864,1,"[0, 1, 0, -21, 31]"
304.b1,304,38912,1,"[0, -1, 0, -8, 16]"
304.c1,304,1.04454E+13,0,"[0, -1, 0, -1368, 157168]"
304.c2,304,622592,0,"[0, -1, 0, -248, -1424]"
304.c3,304,14384365568,0,"[0, -1, 0, 152, -5776]"
304.d1,304,20284203008,1,"[0, 1, 0, -1120, 15604]"
304.d2,304,2490368,1,"[0, 1, 0, 0, -76]"
3040,304,4864,0,"[0, -1, 0, -1, -3]"
304.f1,304,77824,0,"[0, -1, 0, -12309, 529757]"
304.f2,304,28094464,0,"[0, -1, 0, -149, 797]"
304.f3,304,77824,0,"[0, -1, 0, 11, -3]"
306.a1,306,35192575602,1,"[1, -1, 0, -1017, 8883]"
306.a2,306,14326308,1,"[1, -1, 0, -927, 11097]"
306.a3,306,1685448,1,"[1, -1, 0, -387, -2835]"
306.a4,306,793152,1,"[1, -1, 0, -27, -27]"
306.b1,306,3792258,0,"[1, -1, 0, -249696, 48087270]"
306.b2,306,19727326116,0,"[1, -1, 0, -15606, 754272]"
306.b3,306,9.15359E+13,0,"[1, -1, 0, -14796, 835434]"
306.b4,306,22116448656,0,"[1, -1, 0, -1026, 10692]"
306.b5,306,256981248,0,"[1, -1, 0, -306, -1836]"
306.b6,306,2.13391E+12,0,"[1, -1, 0, 2034, 60264]"
306.c1,306,8.45E+12,0,"[1, -1, 1, -6755, 163235]"
306.c2,306,578207808,0,"[1, -1, 1, -2300, -41857]"
306.c3,306,8.95716E+11,0,"[1, -1, 1, -1940, -55681]"
306.c4,306,7.29753E+14,0,"[1, -1, 1, 16285, 1020323]"
306.d1,306,446148,0,"[1, -1, 1, -23, -21]"
306.d2,306,34130322,0,"[1, -1, 1, 67, -201]"
307.a1,307,307,0,"[0, 0, 1, -8, -9]"
307.b1,307,307,0,"[1, 1, 0, 0, -1]"
307.c1,307,307,0,"[0, 0, 1, 1, -1]"
307.d1,307,307,0,"[0, -1, 1, 2, -1]"
308.a1,308,137984,1,"[0, -1, 0, -21, 49]"
309.a1,309,25029,1,"[1, 0, 0, -6, 9]"
310.a1,310,4.43752E+11,1,"[1, 0, 0, -2046, 15376]"
310.a2,310,307520,1,"[1, 0, 0, -1706, 26980]"
310.a3,310,3174400,1,"[1, 0, 0, -106, 420]"
310.a4,310,7447750000,1,"[1, 0, 0, 454, 1876]"
310.b1,310,192200,0,"[1, 1, 1, -1066, -13841]"
310.b2,310,1240000,0,"[1, 1, 1, -66, -241]"
312.a1,312,87340032,0,"[0, -1, 0, -304, -1892]"
312.a2,312,3504384,0,"[0, -1, 0, -44, 84]"
312.a3,312,1872,0,"[0, -1, 0, -39, 108]"
312.a4,312,263218176,0,"[0, -1, 0, 136, 444]"
312.b1,312,1872,1,"[0, -1, 0, -3, 0]"
312.b2,312,129792,1,"[0, -1, 0, 12, -12]"
312.c1,312,2075690448,0,"[0, -1, 0, -651, 6228]"
312.c2,312,3.00266E+11,0,"[0, -1, 0, 564, 25668]"
312.d1,312,2426112,1,"[0, 1, 0, -60, 144]"
312.d2,312,73008,1,"[0, 1, 0, 5, 14]"
3120,312,29952,0,"[0, 1, 0, -68, -240]"
31200,312,8112,0,"[0, 1, 0, -3, -6]"
312.f1,312,39936,0,"[0, 1, 0, -832, -9520]"
312.f2,312,389376,0,"[0, 1, 0, -52, -160]"
312.f3,312,16848,0,"[0, 1, 0, -7, 2]"
312.f4,312,87739392,0,"[0, 1, 0, 8, -448]"
314.a1,314,160768,1,"[1, -1, 0, 13, -11]"
315.a1,315,9568125,1,"[1, -1, 1, -1013, 12656]"
315.a2,315,8037225,1,"[1, -1, 1, -68, 182]"
315.a3,315,76545,1,"[1, -1, 1, -23, -34]"
315.a4,315,708883245,1,"[1, -1, 1, 157, 992]"
315.b1,315,9966796875,0,"[0, 0, 1, -1182, 16362]"
315.b2,315,25515,0,"[0, 0, 1, -12, -18]"
315.b3,315,31255875,0,"[0, 0, 1, 78, 45]"
316.a1,316,20224,1,"[0, 0, 0, -7, -2]"
316.b1,316,20224,0,"[0, -1, 0, -180, -872]"
318.a1,318,77274,1,"[1, 1, 0, 7, -9]"
318.b1,318,187564032,0,"[1, 1, 0, 142, 180]"
318.c1,318,11448,0,"[1, 0, 1, -61, 176]"
318.c2,318,228675072,0,"[1, 0, 1, 44, 722]"
318.d1,318,976896,1,"[1, 1, 1, -12, 45]"
3180,318,25758,0,"[1, 1, 1, 2, -7]"
319.a1,319,9251,0,"[0, 0, 1, -37, -87]"
320.a1,320,128000,1,"[0, 1, 0, -165, 763]"
320.a2,320,256000000,1,"[0, 1, 0, -145, 975]"
320.a3,320,5120,1,"[0, 1, 0, -5, -5]"
320.a4,320,409600,1,"[0, 1, 0, 15, -17]"
320.b1,320,20480,0,"[0, 1, 0, -25, -57]"
320.b2,320,1600,0,"[0, 1, 0, 0, -2]"
320.c1,320,327680,1,"[0, 0, 0, -428, -3408]"
320.c2,320,409600,1,"[0, 0, 0, -28, -48]"
320.c3,320,5120,1,"[0, 0, 0, -8, 8]"
320.c4,320,40960000,1,"[0, 0, 0, 52, -272]"
320.d1,320,327680,0,"[0, 0, 0, -428, 3408]"
320.d2,320,409600,0,"[0, 0, 0, -28, 48]"
320.d3,320,5120,0,"[0, 0, 0, -8, -8]"
320.d4,320,40960000,0,"[0, 0, 0, 52, 272]"
3200,320,20480,0,"[0, -1, 0, -25, 57]"
32000,320,1600,0,"[0, -1, 0, 0, 2]"
320.f1,320,128000,0,"[0, -1, 0, -165, -763]"
320.f2,320,256000000,0,"[0, -1, 0, -145, -975]"
320.f3,320,5120,0,"[0, -1, 0, -5, 5]"
320.f4,320,409600,0,"[0, -1, 0, 15, 17]"
322.a1,322,5411854,1,"[1, -1, 0, -238, 1470]"
322.a2,322,725788,1,"[1, -1, 0, -8, 44]"
322.b1,322,1755162752,0,"[1, 1, 0, -605, 5117]"
322.b2,322,60669952,0,"[1, 1, 0, 35, 381]"
322.c1,322,829472,1,"[1, 0, 0, -174, 868]"
322.c2,322,164864,1,"[1, 0, 0, -14, 4]"
322.d1,322,51842,0,"[1, 1, 1, -14, -23]"
322.d2,322,644,0,"[1, 1, 1, -4, 1]"
323.a1,323,26977283,0,"[0, 0, 1, -46, 277]"
324.a1,324,944784,1,"[0, 0, 0, -189, -999]"
324.a2,324,11664,1,"[0, 0, 0, -9, 9]"
324.b1,324,20736,0,"[0, 0, 0, -39, 94]"
324.b2,324,136048896,0,"[0, 0, 0, 81, 486]"
324.c1,324,8503056,0,"[0, 0, 0, -81, -243]"
324.c2,324,1296,0,"[0, 0, 0, -21, 37]"
324.d1,324,15116544,0,"[0, 0, 0, -351, -2538]"
324.d2,324,186624,0,"[0, 0, 0, 9, -18]"
325.a1,325,126953125,0,"[0, -1, 1, -12708, -547182]"
325.a2,325,9282325,0,"[0, -1, 1, -98, 378]"
325.b1,325,54925,1,"[0, -1, 1, -53, -132]"
325.b2,325,325,1,"[0, -1, 1, -3, 3]"
325.c1,325,858203125,1,"[0, 1, 1, -1333, -19131]"
325.c2,325,5078125,1,"[0, 1, 1, -83, 244]"
325.d1,325,1015625,0,"[1, 1, 0, -25, 0]"
325.d2,325,66015625,0,"[1, 1, 0, 100, 125]"
3250,325,1.45036E+11,0,"[0, 1, 1, -2458, 42369]"
32500,325,8125,0,"[0, 1, 1, -508, -4581]"
326.a1,326,21877489664,0,"[1, 0, 1, -14210, -653100]"
326.a2,326,2217342464,0,"[1, 0, 1, -355, 1182]"
326.a3,326,1304,0,"[1, 0, 1, -300, 1970]"
326.b1,326,83456,1,"[1, -1, 0, -80, -256]"
326.c1,326,5216,1,"[1, 0, 0, -6, 4]"
327.a1,327,8829,1,"[1, 0, 0, 4, -3]"
328.a1,328,41984,1,"[0, 0, 0, -11, -10]"
328.a2,328,3442688,1,"[0, 0, 0, 29, -66]"
328.b1,328,10496,0,"[0, -1, 0, -12, 20]"
328.b2,328,1721344,0,"[0, -1, 0, 8, 60]"
329.a1,329,1896619529,0,"[1, 1, 1, 246, -1376]"
330.a1,330,1.91773E+12,0,"[1, 1, 0, -4163, 77343]"
330.a2,330,17862322500,0,"[1, 1, 0, -1413, -20007]"
330.a3,330,1069200,0,"[1, 1, 0, -1393, -20603]"
330.a4,330,2.7795E+12,0,"[1, 1, 0, 1017, -78813]"
330.b1,330,4392300,1,"[1, 1, 0, -1602, 24024]"
330.b2,330,10890000,1,"[1, 1, 0, -102, 324]"
330.b3,330,211200,1,"[1, 1, 0, -22, -44]"
330.b4,330,1392187500,1,"[1, 1, 0, 118, 1776]"
330.c1,330,5.2207E+16,0,"[1, 1, 1, -1832906, -955821481]"
330.c2,330,4.57275E+16,0,"[1, 1, 1, -122186, -12872617]"
330.c3,330,4.48455E+14,0,"[1, 1, 1, -40266, 2921559]"
330.c4,330,4.084E+18,0,"[1, 1, 1, 277814, -79112617]"
330.d1,330,12529687500,0,"[1, 1, 1, -171085, -27308713]"
330.d2,330,4.63015E+11,0,"[1, 1, 1, -11825, 488927]"
330.d3,330,6.43044E+11,0,"[1, 1, 1, -10705, -429025]"
330.d4,330,3.10672E+14,0,"[1, 1, 1, -5205, -862425]"
330.d5,330,68309049600,0,"[1, 1, 1, -1025, 767]"
330.d6,330,1070530560,0,"[1, 1, 1, 255, 255]"
3300,330,283593750,0,"[1, 0, 0, -3885, -93525]"
33000,330,1443420,0,"[1, 0, 0, -1175, 15405]"
330000,330,329422500,0,"[1, 0, 0, -255, -1323]"
3300000,330,3920400,0,"[1, 0, 0, -75, 225]"
33000000,330,126720,0,"[1, 0, 0, 5, 17]"
330000000,330,32153832150,0,"[1, 0, 0, 495, -7473]"
331.a1,331,331,1,"[1, 0, 0, -5, 4]"
333.a1,333,36963,1,"[1, -1, 1, -14, -14]"
333.a2,333,999,1,"[1, -1, 1, 1, -2]"
333.b1,333,26973,1,"[0, 0, 1, -16860, 842625]"
333.b2,333,36926037,1,"[0, 0, 1, -210, 1134]"
333.b3,333,26973,1,"[0, 0, 1, -30, -63]"
333.c1,333,26946027,1,"[1, -1, 0, -123, 494]"
333.c2,333,728271,1,"[1, -1, 0, 12, 35]"
333.d1,333,26973,0,"[0, 0, 1, -9, -7]"
334.a1,334,334,0,"[1, -1, 1, -1, -1]"
335.a1,335,1675,1,"[0, 0, 1, -2, 2]"
336.a1,336,602112,1,"[0, -1, 0, -12544, 544960]"
336.a2,336,88510464,1,"[0, -1, 0, -784, 8704]"
336.a3,336,188116992,1,"[0, -1, 0, -624, -5760]"
336.a4,336,70837874688,1,"[0, -1, 0, -544, 13888]"
336.a5,336,16257024,1,"[0, -1, 0, -64, 64]"
336.a6,336,258048,1,"[0, -1, 0, 16, 0]"
336.b1,336,790272,0,"[0, -1, 0, -1828, 30700]"
336.b2,336,5647152,0,"[0, -1, 0, -113, 516]"
336.b3,336,1306368,0,"[0, -1, 0, -28, 28]"
336.b4,336,21168,0,"[0, -1, 0, 7, 0]"
336.c1,336,580608,0,"[0, -1, 0, -152, -672]"
336.c2,336,112896,0,"[0, -1, 0, -12, 0]"
336.c3,336,336,0,"[0, -1, 0, -7, 10]"
336.c4,336,7375872,0,"[0, -1, 0, 48, -48]"
336.d1,336,1032192,0,"[0, 1, 0, -21504, -1220940]"
336.d2,336,3.82525E+12,0,"[0, 1, 0, -14624, 669300]"
336.d3,336,2.58097E+11,0,"[0, 1, 0, -1664, -9804]"
336.d4,336,260112384,0,"[0, 1, 0, -1344, -19404]"
336.d5,336,66060288,0,"[0, 1, 0, -64, -460]"
336.d6,336,1.72793E+13,0,"[0, 1, 0, 6176, -69388]"
3360,336,193536,0,"[0, 1, 0, -4032, -99900]"
33600,336,3809369088,0,"[0, 1, 0, -392, 228]"
336000,336,9144576,0,"[0, 1, 0, -252, -1620]"
3360000,336,1037232,0,"[0, 1, 0, -7, -52]"
336.f1,336,16128,0,"[0, 1, 0, -36, 72]"
336.f2,336,2352,0,"[0, 1, 0, -1, 2]"
338.a1,338,6.0575E+14,1,"[1, -1, 0, -35944, -2868878]"
338.a2,338,8031810176,1,"[1, -1, 0, -454, 5812]"
338.b1,338,3.47488E+14,0,"[1, 1, 0, -54421, 4945517]"
338.b2,338,84835994984,0,"[1, 1, 0, 504, -13112]"
338.c1,338,2768896,1,"[1, -1, 0, -389, -2859]"
338.c2,338,676,1,"[1, -1, 0, 1, 1]"
338.d1,338,71991296,1,"[1, 1, 1, -322, 2127]"
338.d2,338,17576,1,"[1, 1, 1, 3, -5]"
3380,338,1.33649E+13,0,"[1, -1, 1, -65773, -6478507]"
33800,338,3262922884,0,"[1, -1, 1, 137, 2643]"
338.f1,338,32127240704,0,"[1, 0, 0, -77659, -8336303]"
338.f2,338,84835994984,0,"[1, 0, 0, -764, -16264]"
338.f3,338,125497034,0,"[1, 0, 0, 81, 467]"
339.a1,339,3051,1,"[0, 1, 1, -2, 2]"
339.b1,339,2224179,1,"[0, 1, 1, -441, 3422]"
339.c1,339,2224179,0,"[0, -1, 1, -112, 501]"
340.a1,340,1360,1,"[0, 0, 0, -28, 57]"
340.a2,340,1849600,1,"[0, 0, 0, -23, 78]"
342.a1,342,19494,1,"[1, -1, 0, -33, -65]"
342.a2,342,2052,1,"[1, -1, 0, -3, 1]"
342.b1,342,11967264,0,"[1, -1, 0, -787968, 269419360]"
342.b2,342,1.96455E+11,0,"[1, -1, 0, -49248, 4218880]"
342.b3,342,1.61565E+15,0,"[1, -1, 0, -47808, 4476064]"
342.b4,342,3.92143E+11,0,"[1, -1, 0, -3168, 62464]"
342.c1,342,60002532,1,"[1, -1, 0, -3852, 92988]"
342.c2,342,6.17336E+11,1,"[1, -1, 0, -3762, 97470]"
342.c3,342,23934528,1,"[1, -1, 0, -72, 0]"
342.c4,342,1534801608,1,"[1, -1, 0, 288, -216]"
342.d1,342,3610152342,0,"[1, -1, 0, -630, 6898]"
342.d2,342,443232,0,"[1, -1, 0, 0, -32]"
3420,342,1.85905E+12,0,"[1, -1, 1, -770, 66305]"
34200,342,110808,0,"[1, -1, 1, -140, -601]"
342000,342,2560108032,0,"[1, -1, 1, 85, -2437]"
342.f1,342,13463172,0,"[1, -1, 1, -860, 9915]"
342.f2,342,31079732562,0,"[1, -1, 1, -770, 12003]"
342.g1,342,14211126,0,"[1, -1, 1, -299, 2053]"
342.g2,342,1495908,0,"[1, -1, 1, -29, 1]"
344.a1,344,11008,1,"[0, 0, 0, 4, 4]"
345.a1,345,18862875,1,"[0, 1, 1, -100, 406]"
345.b1,345,20988075,0,"[1, 0, 0, -411, -3234]"
345.b2,345,26953125,0,"[1, 0, 0, -381, 2820]"
345.b3,345,2975625,0,"[1, 0, 0, -36, -9]"
345.b4,345,46575,0,"[1, 0, 0, 9, 0]"
345.c1,345,646875,0,"[0, -1, 1, -731, -7369]"
345.d1,345,1035,1,"[0, 1, 1, -1, 1]"
3450,345,1.3645E+12,0,"[1, 0, 1, -30134, 2010071]"
34500,345,1.00245E+13,0,"[1, 0, 1, -16564, -807613]"
345000,345,4.88077E+11,0,"[1, 0, 1, -2189, 20387]"
3450000,345,8500170375,0,"[1, 0, 1, 456, 2401]"
345.f1,345,4927635,0,"[0, -1, 1, 30, -97]"
346.a1,346,22144,1,"[1, 1, 1, -7, -3]"
346.b1,346,346,0,"[1, 0, 0, -16, -26]"
347.a1,347,347,1,"[0, 1, 1, 2, 0]"
348.a1,348,6657892848,0,"[0, -1, 0, -94, 3973]"
348.b1,348,1392,1,"[0, -1, 0, 2, 1]"
348.c1,348,1014768,1,"[0, 1, 0, -50, 129]"
348.d1,348,1392,0,"[0, 1, 0, -2, -3]"
350.a1,350,5882450,1,"[1, 1, 0, -45, -185]"
350.a2,350,9800,1,"[1, 1, 0, 5, 5]"
350.b1,350,1875781250,0,"[1, -1, 0, -6692, -209034]"
350.b2,350,85449218750,0,"[1, -1, 0, -2192, 37466]"
350.b3,350,1914062500,0,"[1, -1, 0, -442, -2784]"
350.b4,350,43750000,0,"[1, -1, 0, 58, -284]"
350.c1,350,9.8E+11,0,"[1, -1, 0, -4492, 126416]"
350.d1,350,62720000,1,"[1, -1, 1, -180, 1047]"
3500,350,91913281250,0,"[1, 0, 0, -1138, -20858]"
35000,350,153125000,0,"[1, 0, 0, 112, 392]"
350.f1,350,392000000,0,"[1, 1, 1, -68263, -6893219]"
350.f2,350,28672000000,0,"[1, 1, 1, -4263, -109219]"
350.f3,350,14706125000,0,"[1, 1, 1, -888, -8719]"
350.f4,350,1531250,0,"[1, 1, 1, -263, 1531]"
350.f5,350,437500,0,"[1, 1, 1, -13, 31]"
350.f6,350,343000000,0,"[1, 1, 1, 112, -719]"
352.a1,352,5451776,1,"[0, 0, 0, 8, 112]"
352.b1,352,45056,1,"[0, -1, 0, 3, -11]"
352.c1,352,45056,1,"[0, -1, 0, -45, 133]"
352.d1,352,45056,1,"[0, 1, 0, 3, 11]"
3520,352,45056,0,"[0, 1, 0, -45, -133]"
352.f1,352,5451776,0,"[0, 0, 0, 8, -112]"
353.a1,353,353,0,"[1, 1, 1, -7, 4]"
353.a2,353,124609,0,"[1, 1, 1, -2, 16]"
354.a1,354,1376352,1,"[1, 1, 0, -715, 7069]"
354.b1,354,62710038,0,"[1, 1, 0, -644, 6018]"
354.b2,354,10150596,0,"[1, 1, 0, -54, 0]"
354.b3,354,25488,0,"[1, 1, 0, -34, -92]"
354.b4,354,654337494,0,"[1, 1, 0, 216, 270]"
354.c1,354,14787288,0,"[1, 0, 1, -216, -1250]"
354.c2,354,86022,0,"[1, 0, 1, 9, -8]"
354.d1,354,67968,1,"[1, 1, 1, -5, 11]"
3540,354,708,0,"[1, 1, 1, -3, -3]"
35400,354,62658,0,"[1, 1, 1, 7, -7]"
354.f1,354,4.87083E+12,0,"[1, 1, 1, -23511, -1393299]"
354.f2,354,2.76195E+15,0,"[1, 1, 1, -13271, -2601619]"
355.a1,355,1789555,0,"[0, 1, 1, -95, -396]"
355.a2,355,8875,0,"[0, 1, 1, 5, -1]"
356.a1,356,22784,1,"[0, -1, 0, 4, -8]"
357.a1,357,1821771,1,"[0, 1, 1, -42, 110]"
357.b1,357,5.27111E+12,0,"[0, -1, 1, 3565, 72914]"
357.c1,357,122451,1,"[0, -1, 1, -5, -16]"
357.d1,357,722211,0,"[0, 1, 1, 20, -17]"
358.a1,358,23461888,0,"[1, 1, 0, 55, 197]"
358.b1,358,1432,0,"[1, 0, 0, -18, 28]"
358.b2,358,11470678,0,"[1, 0, 0, 32, 150]"
359.a1,359,359,1,"[1, -1, 1, -7, 8]"
359.b1,359,359,1,"[1, 0, 1, -23, 39]"
360.a1,360,3732480,1,"[0, 0, 0, -963, 11502]"
360.a2,360,4665600,1,"[0, 0, 0, -63, 162]"
360.a3,360,58320,1,"[0, 0, 0, -18, -27]"
360.a4,360,466560000,1,"[0, 0, 0, 117, 918]"
360.b1,360,111974400,0,"[0, 0, 0, -28803, 1881502]"
360.b2,360,4199040000,0,"[0, 0, 0, -1803, 29302]"
360.b3,360,1.7496E+12,0,"[0, 0, 0, -723, 64078]"
360.b4,360,377913600,0,"[0, 0, 0, -183, -182]"
360.b5,360,524880,0,"[0, 0, 0, -138, -623]"
360.b6,360,24488801280,0,"[0, 0, 0, 717, -1442]"
360.c1,360,1382400,0,"[0, 0, 0, -123, -522]"
360.c2,360,138240,0,"[0, 0, 0, -3, -18]"
360.d1,360,1007769600,0,"[0, 0, 0, -1107, 14094]"
360.d2,360,100776960,0,"[0, 0, 0, -27, 486]"
3600,360,604661760,0,"[0, 0, 0, -1947, 33046]"
36000,360,2799360000,0,"[0, 0, 0, -1227, -16346]"
360000,360,167961600,0,"[0, 0, 0, -147, 286]"
3600000,360,2799360,0,"[0, 0, 0, 33, 34]"
361.a1,361,3.22688E+11,1,"[0, 0, 1, -13718, -619025]"
361.a2,361,6859,1,"[0, 0, 1, -38, 90]"
361.b1,361,893871739,0,"[0, -1, 1, -277729, 56427893]"
361.b2,361,3.22688E+11,0,"[0, -1, 1, -3369, 81208]"
361.b3,361,893871739,0,"[0, -1, 1, 241, -17]"
362.a1,362,362,1,"[1, 1, 0, -4, 2]"
362.b1,362,23168,1,"[1, 1, 1, 6, 7]"
